,SMALL LoPRIOR,ME1 PRIOR2,SMALL HiPRIOR,BIG LoPRIOR,ME2 PRIOR2,BIG HiPRIOR
192701,0.08,3.57,0.4,-0.4,0.26,0
192702,7.01,6.48,5.51,7.27,3.8,4.47
192703,-3.46,-2.88,-2.06,-3.57,-0.18,2.26
192704,-0.75,-0.48,3.32,-2.72,0.75,1.81
192705,2.48,11.15,6.83,5.52,4.96,7.18
192706,-2.12,-0.42,-2.88,-3.82,-2.08,-1.86
192707,3.09,4.32,6.91,4.53,7.84,9.33
192708,-0.34,-0.22,0.29,1.21,2.18,3.3
192709,2.48,0.31,3.19,3.02,4.86,6.27
192710,-4.99,-1.85,-3.33,-2.11,-3.41,-5.5
192711,11.28,8.97,7.02,5.12,6.01,8.37
192712,0.27,5.84,4.53,1.23,1.65,3.41
192801,2.78,3.59,0.66,-1.91,-0.25,-0.83
192802,-3.56,-1.88,-4.81,-0.81,-0.9,-1.74
192803,6.9,7.69,7.7,6.75,5.28,15.35
192804,8.68,10.73,5.99,8.19,4.78,2.05
192805,2.77,2.29,4.01,-1.55,1.12,3.24
192806,-9.33,-7.31,-6.35,-5.19,-4.05,-4.09
192807,-1.69,-0.62,2.05,0.01,0.71,1.56
192808,5.1,2.36,6.29,4.33,6.26,10.22
192809,4.19,5.86,7.29,1.36,1.87,5.16
192810,0.23,1.07,7.29,0.73,0.78,3.88
192811,9.97,11.55,10.62,8.64,13.53,12.15
192812,-2.67,0.71,-1.74,-0.47,0.06,1.67
192901,-0.11,1.71,2.84,3.85,5.21,5.79
192902,-0.28,1.22,3.19,-1.53,-0.82,1.1
192903,-4.33,-5.67,-3.8,0.78,0.71,-1.03
192904,1.74,-0.62,1.9,-0.97,1.74,2.69
192905,-11.2,-8.87,-11.98,-3.61,-4.51,-6.91
192906,4.25,6.16,10.38,3.34,7.83,14.4
192907,0.52,-0.28,2.24,0.78,4.85,4.98
192908,-1.37,-0.03,1.87,5.09,7.59,11.24
192909,-5.76,-4.1,-1.87,-7.4,-3.58,-5.35
192910,-24.33,-19.7,-23.22,-27.88,-11.48,-20.79
192911,-12.6,-10.6,-18.17,-14.24,-8.18,-13.45
192912,-7.78,-2,-0.45,0.09,-1.55,3.15
193001,17.84,8.76,6.7,4.31,5.44,5.13
193002,3.69,3.99,2.95,0.88,1.9,2.87
193003,12.47,11.22,6.4,9.91,6.49,7.14
193004,-5.5,-6.62,-2.04,-5.94,-2.49,-1.44
193005,-6.27,-1.6,-2.39,2.76,-2.19,-1.02
193006,-25.75,-18.47,-16.74,-18.61,-17.37,-14.35
193007,4.71,3.81,3.06,5.77,6.64,3.05
193008,-3.92,-2.08,0.82,-2.63,0.98,0.54
193009,-20.41,-16.01,-10.86,-23.2,-13.32,-9.78
193010,-12.75,-9.59,-8.29,-16.4,-9.59,-7.13
193011,-2.29,-3.32,-1.63,1.29,-3.02,-2.28
193012,-21.43,-14.89,-8.15,-17.56,-9.91,-4.2
193101,24.19,13.94,9.29,12.44,5.99,5.2
193102,21.52,16.13,10.73,25.81,14.32,7.66
193103,-12.74,-5.46,-2.27,-12.6,-8.65,-4.15
193104,-21.5,-16.4,-10.6,-18.6,-13.1,-6.71
193105,-17.22,-14.03,-6.94,-20.04,-14.3,-11.8
193106,25.25,17.64,8.7,29.87,18.37,10.66
193107,-11.57,-7.13,-3.17,-11.91,-9.07,-3.94
193108,-1.38,-2.54,-3.51,5.16,-0.64,0.28
193109,-39.36,-30.31,-29.48,-36.76,-30.78,-26.35
193110,10.07,9.82,12.12,4.13,8.36,8.61
193111,-13.22,-5.78,-8.76,-16.67,-11.16,-6.05
193112,-26,-22.67,-12.16,-24.15,-16.2,-9.68
193201,14.33,8.68,1.89,6.92,-2.75,-2.38
193202,2.45,0.84,4.85,5.49,5.08,6.27
193203,-14.85,-11.66,-6.9,-19.87,-13.79,-7.98
193204,-22.07,-18.47,-15.85,-22.91,-22.2,-15.2
193205,-25.21,-19.76,-20.47,-37.3,-22.18,-17.48
193206,3.57,5.51,8.24,1.1,-2.91,0.19
193207,62.55,42.77,21.43,72.64,41.66,23.71
193208,92.53,68.81,41.81,76.15,45.11,22.78
193209,-10.64,-6.18,-7.85,-5.28,-1.4,-3.36
193210,-16.95,-16.19,-17.62,-20.24,-11.09,-9.68
193211,-6.48,-9.47,-8.88,-9.28,-3.74,-10.53
193212,-11.86,-8.13,-2.03,4.29,4.62,5.4
193301,4.47,7.65,2.41,1.58,1.42,0.43
193302,-17.7,-19.7,-15.81,-20.74,-16.19,-14.11
193303,9.23,10.57,14.46,5.55,1.28,5.51
193304,57.65,47.4,49.27,53.74,44.01,29.1
193305,75.68,70.35,67.95,20.79,20.21,19.91
193306,20.64,22.44,21.2,10.07,11.65,17.51
193307,-10.77,-12.78,-11.25,-8.76,-10.8,-8.07
193308,9.02,11.24,10.42,7.28,16.63,21.06
193309,-18.48,-15.31,-15.75,-11.54,-8.53,-11.11
193310,-10.53,-13.06,-13.41,-7.62,-8.52,-9.16
193311,1.86,7.21,6.22,7.82,9.98,15.66
193312,-0.34,3.82,1.33,0,0.9,6.68
193401,38.01,33.95,36.1,14.52,10.84,10.49
193402,2.25,1.21,2.45,-2.36,-2.53,-3.14
193403,2.65,-0.18,0.95,-0.02,-0.07,0.36
193404,2.67,0.53,-1.46,-0.31,-2.99,-5.6
193405,-10.25,-11.2,-12.45,-5.89,-8.32,-8.81
193406,-1.51,0.11,-1.59,3.53,2.91,1.69
193407,-23.8,-24.79,-18.05,-19.35,-10.54,-7.7
193408,10.94,12.34,14.52,4.24,5.45,5.62
193409,-2.33,-1.76,-1.12,1.54,-0.99,0.44
193410,-6.77,-1.24,2.5,-5.12,-1.57,-0.58
193411,12.06,15.03,16.84,6.36,8.2,9.24
193412,0.11,1.85,5.97,-2.34,0.37,1.27
193501,-5.1,-3.77,-3.72,-7.22,-3.19,-1.18
193502,-14.73,-5.01,-1.21,-11.27,-3.19,3.03
193503,-12.7,-9.2,-7.26,-3.04,-3.46,-3.5
193504,15.62,8.67,10.12,11.35,9.96,7.57
193505,2.66,2.49,1.81,9.42,3.91,3.02
193506,-0.51,4.74,7.2,9.03,6,6.01
193507,13.33,12.4,12.49,13.65,8.04,6.38
193508,14.46,6.47,5.04,7.02,2.34,2.1
193509,-0.26,4.84,8.81,-4.17,2.08,4.67
193510,9.57,8.75,9.87,5.53,6.04,8.97
193511,21.51,10.63,11.18,6.22,4.6,4.02
193512,3.5,6.46,10.24,4.54,3.73,5.36
193601,17.92,11.75,12.17,7.19,6.81,6.27
193602,3.75,7.42,7.53,1.12,2.82,2.24
193603,0.45,0.9,2.39,-0.54,1.65,1.15
193604,-7.94,-14.41,-16.84,-4.69,-8.34,-11.1
193605,3.92,5.15,7.12,4.26,5.54,6.01
193606,-0.45,-0.34,-1.24,2.34,2.26,3.9
193607,8.75,8.27,9.59,2.53,8.4,7.38
193608,1.46,1.99,2.78,0.35,1.48,0.33
193609,2.73,4.19,4.3,0.97,0.55,1.89
193610,6.41,7.14,4.87,5.24,7.45,8.77
193611,7.78,11.25,11.77,3.56,2.48,3.5
193612,2.76,5.5,3.86,-0.98,-0.53,1.94
193701,11.14,9.29,7.04,3.37,2.85,3.66
193702,2.83,3.92,4.77,-0.24,-0.07,4.15
193703,-1.69,-0.76,-0.23,-1.42,-0.95,2.53
193704,-9.94,-9.58,-12.5,-6.62,-5.65,-11.48
193705,-3.4,-1.54,-2.26,-0.38,-0.94,-0.36
193706,-9.8,-7.42,-9.18,-3.93,-4.39,-3.06
193707,12.5,9.03,10.83,9.45,7.93,10.02
193708,-4.29,-4.23,-6.22,-4.56,-4.05,-6.34
193709,-20.5,-19.76,-26.28,-10.68,-11.32,-18.92
193710,-10.2,-10.18,-10.93,-8.75,-8.82,-11.23
193711,-12.88,-11.13,-11.35,-3.64,-9.2,-7.63
193712,-14.45,-12.1,-10.26,-6.98,-6.35,-1.83
193801,7.01,4.63,4.04,-0.19,2.06,-0.43
193802,7.94,8.12,4.4,7.47,7.18,5.2
193803,-37.18,-29.92,-23.17,-38.21,-28.94,-21.12
193804,27.68,21.49,19.02,21.37,17.17,13.04
193805,-10.21,-8.11,-3.25,-9.43,-6.91,-2.38
193806,40.57,37.1,16.35,43.79,35.13,18.42
193807,16.64,13.98,11.01,13.28,11.14,4.87
193808,-8.8,-6.61,-3.72,-4.7,-2.02,-2.5
193809,-3.17,-2.44,-0.71,-1.48,1,1.22
193810,19.51,15.63,13.51,16.3,6.75,6.76
193811,-5.67,-4.32,-3.16,-4.91,-1.65,-1.28
193812,0.2,3.98,5.83,5.33,4.01,4.05
193901,-6.39,-9.43,-9.44,-4.14,-6.34,-7.18
193902,3.12,3.97,6.66,2.15,2.88,5.16
193903,-17.91,-19.76,-20.32,-12.88,-10.41,-13.57
193904,-1.56,0.29,2.5,-0.48,-0.4,0.58
193905,8.16,9.9,11.73,4.13,6.15,7.63
193906,-10.41,-9.03,-8.09,-6.51,-5.2,-4.74
193907,14.24,15.76,16.1,12.57,10.27,9.6
193908,-13.95,-12.04,-8.78,-12.07,-7.45,-5.33
193909,61.67,40.91,25.74,34.82,21.22,8.7
193910,-4.89,-0.11,2.46,-4.02,-1.97,1.75
193911,-7.33,-10.06,-9.4,-4.72,-3.22,-3.23
193912,-0.65,2.14,5.79,-0.21,3.24,4.12
194001,-3.08,-2.25,-1.71,-2.91,-3.74,-0.79
194002,3.34,3.72,4.43,-0.65,1.32,1.84
194003,2.18,3.73,2.45,3.01,1.86,2.02
194004,0.91,1.11,4.43,-1.66,0.17,1.31
194005,-29.46,-28.5,-27.55,-26.26,-20.45,-22.26
194006,7.69,5.92,7.02,6.49,7.57,2.88
194007,2.96,3.68,5.23,4.04,2.79,3.37
194008,2.44,2.52,2.96,4.46,2.68,0.8
194009,5.11,4.31,4.68,2.5,2.25,2.37
194010,7.7,4.53,3.98,9.84,4.8,0.53
194011,-0.63,1.2,2.06,-1.23,-2.19,-1.36
194012,-4.68,-1.32,1.66,0.54,0.75,1.16
194101,2.73,-1.88,-3.71,-1.69,-4.96,-4.11
194102,-3.79,-1.36,-2.2,-1.71,-1.36,-1.36
194103,0.46,1.66,2.82,-0.9,0.73,1.62
194104,-7.28,-6.88,-4.31,-7.88,-5.31,-4.84
194105,0.47,0.57,2.53,-1.08,1.51,1.89
194106,6.99,5.7,7.2,6.71,5.78,4.59
194107,18.23,11.37,11.13,5.14,4.33,8.99
194108,-1.5,-1.47,0.08,0.11,0.25,-1.23
194109,-1.31,-2.14,-2.24,0.19,-1,-2.18
194110,-7.19,-6.99,-4.29,-7.31,-5.86,-0.72
194111,-4.79,-2.63,-1.8,-3.7,-2.45,1.42
194112,-10.87,-8.41,-8.91,-6.01,-3.07,-7.48
194201,14.35,11.14,11.13,4.07,-0.85,0.14
194202,-1.2,-1.07,-1.43,-1.88,-2.29,-3.14
194203,-4.28,-4.76,-4,-6.06,-7.01,-7
194204,-5.08,-3.54,-4.92,-3.57,-4.6,-5.15
194205,2.72,2.29,-0.29,8.15,6.05,1.75
194206,3.22,2.56,1.51,2.54,3.1,1.62
194207,4.21,4.63,5.02,2.66,3.92,3.35
194208,2.47,3.08,2.2,2.31,1.62,2.2
194209,4.48,3.09,3.36,3.21,2.25,3.05
194210,14.82,9.01,7.74,8.31,6.09,7.25
194211,-3.31,-0.76,-2.01,2.05,-0.29,-1.01
194212,1.53,3.18,4.11,3.01,6.25,6.96
194301,18.47,14.95,19.21,7.82,6.17,6.36
194302,15.63,11.41,10.04,4.75,5.5,7.24
194303,10.67,12.43,15.39,4.6,5.08,9.59
194304,0.2,2.9,7.32,-0.3,0.05,4.93
194305,6.12,8.41,13.89,4.73,5.75,8.23
194306,1.57,1.28,-0.29,1.69,2.55,0.98
194307,-4.64,-5.93,-10.93,-3.98,-5.13,-6.82
194308,-0.82,0.54,1.03,0.77,2.24,0.69
194309,2.2,3.78,4.94,1.91,2.77,2.78
194310,0.91,-0.46,0.05,-0.72,-1.48,-1
194311,-8.03,-8.71,-11.3,-4.88,-5.53,-10.82
194312,9.34,9.1,12.86,4.67,7.56,13.22
194401,4.57,4.68,6.01,1.33,1.96,1.85
194402,1.35,1.73,1.89,-0.22,0.97,-0.11
194403,3.74,3.56,6.15,1.77,2.44,4.39
194404,-3.73,-2.58,-3.27,-1.93,-1.47,-1.29
194405,6.2,6.6,7.41,3.69,5.2,6.45
194406,15.35,9.3,7.41,7.37,4.77,5.04
194407,-1.29,-0.63,-1.17,-1.49,-1.56,-1.36
194408,1.68,2.75,6.53,0.48,2.15,4.95
194409,0.22,0.72,-0.75,0.21,-0.1,-0.93
194410,-0.7,0.63,-0.33,1.14,-0.56,-1.91
194411,2.24,2.1,3.66,1.35,1.95,2.61
194412,8.14,6.99,7.97,2.84,4.53,9.72
194501,5.14,3.73,5.66,1.96,1.76,1.49
194502,8.4,8.6,11.45,5.33,6.4,8.49
194503,-3.34,-5.83,-7.2,-3.07,-4.31,-5.72
194504,6.26,9.11,11.02,6.72,9.14,11.61
194505,3.5,3.02,3.48,1.86,1.08,2.1
194506,3.55,2.81,5.64,-0.54,-0.07,5.64
194507,-3.09,-3.45,-5.01,-1.59,-1.48,-5.06
194508,5.83,8.24,5.46,6.24,6.91,3.97
194509,6.73,7.32,5.64,3.93,4.82,7.53
194510,7.14,8.07,5.6,3.36,3.77,5.13
194511,9.77,10.28,10.65,3.36,5.91,10.71
194512,3.23,2.48,2.12,0.77,0.78,4.38
194601,7.44,11.32,11.24,4.53,7.88,8.28
194602,-5.85,-7.38,-7.05,-5.31,-5.8,-7
194603,4.45,5.29,6.38,5.31,6.07,8.74
194604,2.41,5.83,7.18,4.08,4.04,5.26
194605,5.85,7.42,5.43,3.71,4.15,3.21
194606,-3.5,-4.9,-5.88,-2.5,-4.85,-5.12
194607,-4.79,-4.93,-4.36,-2.27,-2.62,-2.74
194608,-7.96,-7.55,-8.73,-7.08,-5.58,-6.39
194609,-16.35,-13.47,-14.14,-10.44,-8.7,-11.16
194610,-1.39,-1.23,-0.91,-2.61,-1.13,-1.03
194611,-0.73,1.15,-0.98,-1.38,1.04,-0.76
194612,5.23,4.04,5.07,4.97,4.93,4.96
194701,6.23,2.81,2.92,7.42,1.96,-1.99
194702,-0.53,-0.48,0.28,0.14,-0.74,-1.71
194703,-5.42,-2.82,-1.42,-4.66,-1.8,-0.39
194704,-11.53,-8.17,-6.24,-8.65,-4.02,-3.97
194705,-6.35,-4.12,-3.03,-3.76,-0.45,-0.4
194706,5.62,6.13,2.87,5.52,6.25,4.92
194707,7.06,5.81,5.54,8.38,5.79,3.03
194708,-2.71,-1.14,0.62,-4.7,-1.94,-1.38
194709,0.57,1.17,1.78,0.34,-0.21,-0.85
194710,3.12,2.77,4.42,1.43,1.99,3.28
194711,-6.01,-2.84,-1.42,-4.67,-1.88,-0.73
194712,-0.06,1.38,3.99,0.9,3.03,4.1
194801,1.09,-1.87,-3.21,-1.24,-3.56,-5.54
194802,-7.32,-5.51,-6.83,-6.13,-4.21,-3.75
194803,9.03,8.33,9.28,10.42,6.57,9.54
194804,1.94,2.51,5.05,1.26,2.14,6.34
194805,8.97,9.23,9.69,4.66,7.6,8.53
194806,-3.41,-1.88,2.49,-0.97,0.24,1.28
194807,-5.15,-4.71,-6.17,-3.6,-5.48,-5.79
194808,-1.58,-0.26,-0.03,1.25,0.29,0.16
194809,-4.48,-3.62,-5.48,-2.49,-2.31,-4.1
194810,3.1,4.87,6.77,5.31,5.75,7.24
194811,-12.64,-8.64,-11.23,-10.47,-7.88,-10.81
194812,-1.47,-0.32,3.72,0.59,3.19,4.65
194901,3.54,1.76,1.38,2.5,1.03,-1.16
194902,-5.18,-4.56,-5.64,-3.06,-1.84,-3.42
194903,7.7,5.29,6.86,5.34,3.42,4.3
194904,-4.7,-3.03,-1.56,-4.34,-1.82,-1.28
194905,-7.18,-4.31,-3.43,-4.26,-3,-2.04
194906,-0.44,-1.61,-1.71,1.23,0.06,0.38
194907,6.69,6.59,6.06,7.1,6.28,4.75
194908,1.3,3.6,4.14,2.33,2.54,2.93
194909,5.51,3.51,4.94,5.49,2.57,3.23
194910,4.3,4.03,3.68,2.66,3.09,3.41
194911,-0.21,1.01,1.08,1.78,1.25,2.94
194912,8.8,7,7.64,6.54,4.05,6.14
195001,6.98,4.14,3.63,3.21,1,1.89
195002,2.04,0.27,2.07,-0.07,1.3,2.68
195003,-2.14,-1.1,0.44,1.75,1.03,2.11
195004,7.07,4.93,4.41,2.81,3.07,6.3
195005,2.67,3.17,2.92,4.79,3.91,5.29
195006,-6.77,-7.39,-9.09,-5.15,-5.81,-6
195007,5.45,6.68,6.42,1.39,2.59,-0.51
195008,5.28,4.17,7.21,2.74,4.16,7.2
195009,5.8,4.69,5.32,5.18,4.42,5.32
195010,-0.9,0.11,0.54,-0.86,-0.17,0.76
195011,1.4,2.51,4.81,-0.39,4.52,3.45
195012,6.22,8.22,11.84,2.38,6.35,6.75
195101,7.98,7.62,10.03,4.56,5.51,6.52
195102,1.85,1.2,1.22,2.7,1.88,0.23
195103,-1.69,-3.22,-5.45,-1.12,-1.48,-3.3
195104,1.54,4.11,5.66,0.89,5.54,8.79
195105,-3.22,-2.53,-3.46,-0.73,-2.9,-2.36
195106,-3.74,-5.03,-7.54,-1.24,-3,-2.2
195107,2.7,4.87,9.62,4.1,6.23,11.72
195108,5.01,5.12,6.52,3.58,4.98,4.07
195109,2.31,2.51,3.08,0,1.65,0.2
195110,-2.45,-2.23,-2.82,-1.87,-2.96,-1.9
195111,-0.17,0.41,1.09,0.67,0.88,0.55
195112,0.6,0.7,1.24,2.03,3.35,4.76
195201,1.29,1.75,2.27,1.57,0.25,3.29
195202,-1.84,-1.36,-2.9,-3.04,-1.68,-3.34
195203,2.07,2.32,3.01,3.81,3.69,6.04
195204,-4.25,-3.68,-5.65,-3.84,-3.42,-6.56
195205,1.43,2.09,2.74,3.8,3.08,3.52
195206,1.86,3.21,3.3,3.04,3.86,4.55
195207,0.68,1.22,0.78,1.87,1.26,0.62
195208,0.18,0.07,0.78,-0.86,-0.51,-0.77
195209,-2.45,-0.78,-0.76,-3.32,-1.74,-1.61
195210,-2.98,-1.61,0.67,-1.89,-0.52,0.09
195211,5.75,5.65,6.13,6.19,5.59,6.78
195212,1.38,2.14,2.75,2.08,2.67,3.9
195301,3.63,3.65,4,-1.48,-0.14,-0.43
195302,1.36,1.57,2.81,-0.4,-0.36,-0.08
195303,-2.3,-1.39,-1.43,-1.15,-0.77,-1.89
195304,-2.64,-1.9,-1.8,-4.57,-2.27,-1.58
195305,-0.27,0.81,1.26,0.79,0.37,1.14
195306,-4.35,-3.39,-2.96,-0.93,-1.58,-2.33
195307,1.46,1.46,1.46,3.05,2.33,2.55
195308,-7.31,-4.9,-4.31,-5.36,-3.76,-4.12
195309,-2.93,-1.15,-0.35,-1.02,0.18,2.1
195310,3.31,3.5,4.02,4.79,4.93,4.51
195311,1.36,1.05,2.24,1.36,2.71,4.27
195312,-5.4,-1.39,1.09,-2.7,0.41,1.22
195401,10.09,7.09,3.67,9.21,4.95,3.97
195402,0.53,1.06,1.73,1.26,1.54,2.15
195403,1.96,2.15,3.78,2.83,2.66,5.07
195404,-1.42,1.98,1.91,-0.26,3.76,6.35
195405,5.81,3.54,5.7,5.64,3.93,1.96
195406,-0.29,1.87,2.6,-2.35,0.88,1.77
195407,7.61,7.03,8.64,4.15,6.05,4.08
195408,-0.1,-0.04,-0.16,-2.1,-1.42,-3.36
195409,3.81,4.08,4.69,6.09,5.21,8.34
195410,-1.02,-0.54,-0.1,-1.54,-2.55,-0.56
195411,9.7,8.34,9.11,6.5,9.1,10.89
195412,11.97,9.74,8.53,5.04,4.99,5.82
195501,0.73,2.02,2.12,0.09,0.23,1.41
195502,3.43,4.79,5.46,3.21,2.51,3.36
195503,0.1,-0.28,0.62,-0.37,-0.53,1.19
195504,1.52,2.54,1.5,2.32,4.06,2.48
195505,0.68,0.59,0.71,0.5,1.44,1.49
195506,1.4,3.37,4.18,3.64,7.44,10.1
195507,0.57,1.19,0.25,0.94,4.59,-1.16
195508,-0.61,0.28,1.29,-0.42,0.15,1.26
195509,-0.39,-1.29,0.82,-1.09,-1.46,1.34
195510,-1.98,-0.59,-0.88,-1.62,-1.78,-3.91
195511,5.58,4.83,6.57,4.38,7.01,8.79
195512,3.87,1.05,3.18,3.15,1.41,1.14
195601,-2.07,-1.61,-1.99,-1.34,-1.6,-4.21
195602,2.24,2.68,4.33,2.71,3.65,4.54
195603,2.47,4.92,6.15,4.61,5.81,8.12
195604,-0.5,-0.1,1.74,-1.53,-0.37,1.4
195605,-3.78,-3.83,-4.07,-3.17,-3.69,-6.1
195606,0.46,1.12,3.27,2.43,2.44,5.09
195607,2.36,2.74,4.83,3.21,5.22,5.73
195608,-1.6,-0.7,-0.96,-2.68,-1.42,-4.7
195609,-3.19,-2.31,-2.72,-4.59,-3.58,-6.56
195610,-1.5,1.13,2.41,0.51,0.26,1.47
195611,0.49,0.54,2.15,-2.52,-0.08,2.64
195612,0.13,1.52,5.65,2.65,2.97,4.77
195701,3.53,0.43,-0.23,-2.6,-2.73,-5.01
195702,-3.51,-1.89,-2.54,-2.31,-0.93,-2.64
195703,2.56,2.69,1.58,1.68,2.87,2.29
195704,1.44,1.16,2.22,4.34,4.47,5.56
195705,1.71,1.6,1.18,3.45,3.52,4.95
195706,-1.41,-0.51,-0.74,-0.6,-0.94,0.31
195707,-0.02,0.75,-0.03,0.8,1.35,0.67
195708,-5.8,-3.47,-5.28,-6.2,-3.43,-5.77
195709,-6.53,-4.79,-4.69,-5.9,-4.81,-6.69
195710,-8.72,-6.04,-7.56,-6.05,-3.58,-3.31
195711,0.61,0.95,2.97,3.44,1.42,3.63
195712,-9.35,-4.61,-1.62,-9.46,-3.7,-1.56
195801,16.4,10.4,7.21,8.91,4.72,2.86
195802,-3.56,-0.14,1.37,-3.11,-1.98,-0.6
195803,5.38,2.74,4.91,6.52,2.65,3.23
195804,1.96,1.9,4.37,1.57,3.85,2.83
195805,5.33,3.98,3.62,3.93,2.01,2.03
195806,3.34,2.82,2.62,3.92,2.72,2.88
195807,8.17,5.8,3.1,4.4,5.37,2.08
195808,2.51,3.62,4.62,2.61,1.95,0.91
195809,6.55,5.56,4.94,5.07,4.79,4.49
195810,2.63,2.37,5.17,1.48,2.33,5.23
195811,3.75,5.06,4.77,2.35,3.11,4.5
195812,4.39,3.13,3.14,5.65,5.22,5.64
195901,4.6,6.59,4.3,0.83,0.62,0.6
195902,1.97,3.07,4.3,-1.1,1.04,3.47
195903,0.95,2.3,1.81,0.89,0.24,0.33
195904,1.45,1.55,4.18,2.47,4.19,6.08
195905,0.76,1.08,0.29,0.88,2.06,4.32
195906,-0.82,0.58,1.54,-1.21,-0.34,2.23
195907,2.45,2.35,3.97,3.81,4.22,1.7
195908,-0.81,-1.44,-2.78,-2.23,0.07,-2.26
195909,-4.99,-3.59,-4.72,-5.81,-4.05,-4.23
195910,0.53,1.71,4.7,0.37,0.6,3.63
195911,0.82,1.87,2.75,0.36,1.81,2.89
195912,0.97,2.58,3.49,2.98,3.15,2.52
196001,-1.43,-2.1,-6.05,-5.53,-6.74,-7.98
196002,-0.28,1.06,2.3,-2.34,1.94,2.93
196003,-4.07,-3.2,-2.08,-1.36,-1.47,-0.59
196004,-4.19,-2.37,-1.16,-2.66,-2.41,-0.02
196005,0.85,2,4.2,-0.17,2.11,6.05
196006,1.45,1.29,2.33,1.92,2.13,2.75
196007,-2.45,-0.96,-2.37,-0.79,-2.64,-2.49
196008,3.77,2.88,5.97,2.24,2.94,3.86
196009,-8.16,-5.61,-5.33,-4.42,-5.72,-6.62
196010,-4.7,-2.2,-3.15,-1.1,0.23,-0.14
196011,3.24,3.81,7.59,3.28,3.83,6.49
196012,3,3.41,3.24,4.25,3.36,6.84
196101,12.19,8.19,5.88,6.88,7.07,5.2
196102,6.67,6.5,8.56,4.01,2.67,4.08
196103,3.59,5.46,9.9,1.33,1.99,4.11
196104,-0.16,0.51,2.92,-2.98,1,1.14
196105,5.75,4.24,3.99,3.11,2.86,1.72
196106,-5.99,-4.06,-5.11,-2.59,-2.75,-2.8
196107,1.22,1.07,0.61,2.47,3.2,3.62
196108,0.6,1.33,1.91,1.86,2.43,3.74
196109,-4.59,-2.9,-2.34,-1.41,-1.94,-2.03
196110,-0.51,2.52,3.3,1.81,2.29,4.22
196111,4.59,4.46,6.48,3.63,5.3,4.44
196112,0.82,-0.1,-0.44,0.55,1.56,-2.6
196201,0.96,1.1,-1.96,-3.67,-3.1,-4.82
196202,1.87,1.75,-0.1,0.76,3.47,0.72
196203,-2.2,-0.81,0.36,-1.21,-0.41,-0.09
196204,-9.08,-5.87,-6.91,-8.69,-6.53,-5.05
196205,-10.86,-8.8,-10.58,-8.6,-8.38,-8.05
196206,-12.2,-6.6,-5.99,-12.8,-8.81,-6.09
196207,7.27,6.52,6.1,4.56,6.73,6.78
196208,4.2,3.31,2.43,2.46,1.59,3.04
196209,-9.15,-6.11,-5.21,-7,-5.62,-3.05
196210,-4.09,-2.7,-3.27,-0.18,1.22,0.52
196211,18.54,13.94,11.37,16.07,10.19,8.91
196212,-5.61,-2.13,1.06,-1.5,1.1,3.61
196301,10.47,7.97,8.2,6.31,4.82,4.36
196302,-2.93,-0.79,0.61,-3.45,-2.21,-1.95
196303,0.61,1.83,2.69,3.38,2.53,4.55
196304,2.98,4.26,4.07,6,4.53,4.74
196305,4.11,3.38,4.46,2.34,1.24,2.66
196306,-1.14,-2.22,-0.99,-3,-2.43,-0.73
196307,-1.33,-1.23,-1.07,-1.53,0.17,0
196308,4.09,3.83,6.36,5.86,5.09,5.62
196309,-1.87,-0.95,-1.27,-2.45,-0.18,-2.66
196310,1.05,1.43,3.52,0.81,2.22,4.57
196311,-2.32,-1.02,-1.41,-0.33,0.53,-2.72
196312,-1.67,0.92,0.24,0.96,2.44,2.53
196401,2.52,3.21,1.54,0.27,2.87,2.96
196402,2.87,2.39,2.96,1.28,1.9,1.72
196403,2.64,3.97,3.77,1.38,1.51,1.75
196404,-0.22,-0.59,-0.4,1.15,0.63,0.17
196405,0.01,1.26,2.31,0.26,1.05,3.09
196406,1,1.41,1.51,1.33,1.45,1.73
196407,2.51,2.71,2.46,2.79,1.74,2.13
196408,-1.32,-0.47,-0.83,-0.36,-1.23,-1.27
196409,4.24,2.59,3.63,3.73,2.3,3.52
196410,0.65,2.06,1.76,1.59,0.66,0.64
196411,-1.17,0.96,-0.21,0.03,-0.11,1.12
196412,-1.27,-0.31,-1.28,1.51,0.15,0.04
196501,7.68,6.38,6.02,3.7,4.07,2.48
196502,2.84,3.49,4.32,1.49,-0.23,0.65
196503,1.68,0.35,1.44,-1.11,-1.52,-0.56
196504,3.41,4.17,5.45,2.51,2.36,5.72
196505,-1.46,-0.76,-0.55,-0.09,-0.84,0.19
196506,-8.24,-7.98,-10.26,-3.53,-5.17,-7.76
196507,1.68,3.03,4.93,0.22,1.76,5.18
196508,4.8,4.12,6.86,2.2,2.2,5.3
196509,1.98,3.17,5.1,2.1,2.8,5.58
196510,4.61,5.93,7.32,1.3,2.64,5.51
196511,1.32,5,6.4,-0.49,-1.43,3.32
196512,4.54,4.46,4.12,1.09,0.67,1.76
196601,4.24,5.1,8.08,-1.37,0.61,5.57
196602,1.7,1.81,5.3,-2.49,-1.63,3.05
196603,-1.88,-2.37,-1.98,-2.86,-2.3,0.07
196604,0.21,4.08,8.74,0.83,2.36,4.86
196605,-6.34,-7.73,-12.01,-3.85,-4.52,-7.57
196606,-1.69,-0.46,1.01,-1.86,-1.93,1.94
196607,-0.79,-1.03,-2.45,-0.62,-1.92,-1.64
196608,-9.66,-9.77,-11.45,-6.44,-7.22,-8.93
196609,-1.24,-1.36,-2.05,-0.03,0.24,-2.9
196610,-0.38,0.6,-3.72,6.42,6.27,-0.76
196611,4.26,3.17,7.34,-1.84,0.71,6.52
196612,1.42,1.33,3.26,0.15,0.47,0.42
196701,22.07,15.48,14.92,13.63,6.05,6.91
196702,2.26,3.55,5.56,-1.59,0.47,2.14
196703,5.3,6.16,7.81,3.75,4.41,4.29
196704,2.92,3.3,5.8,6.72,1.97,5.02
196705,-1.36,-1.13,-1.27,-5.12,-4.07,-3.77
196706,5.27,6.97,12.84,0.57,1.17,5
196707,9.23,7.91,8.78,6.86,3.1,5.17
196708,1.22,1.16,-1.06,-0.7,-0.3,-1.19
196709,3.79,5.97,7.18,3.09,2.44,4.72
196710,-3.32,-2.92,-1.69,-3.99,-3.58,1.73
196711,-0.18,0.18,0.88,0.53,0.31,2
196712,5.41,7.5,11.46,2.61,2.67,3.07
196801,2.88,2.15,-0.05,-1.06,-5.3,-7.53
196802,-3.46,-4.28,-7.66,-2.53,-2.31,-5.2
196803,-1.53,-1.37,-0.38,-0.54,0.43,4.77
196804,12.77,12.38,17.29,7.22,8.35,12.87
196805,7.72,6.78,11.18,0.78,1.62,4.92
196806,1.1,2.17,0.48,2.87,0.72,-0.31
196807,-3.88,-2.65,-3.15,-1.71,-1.36,-4.21
196808,2.09,3.46,5.35,1.31,1.65,1.84
196809,7.25,5.38,7.84,5.52,3.41,3.62
196810,0.8,1.81,-0.01,2.35,0.38,0.25
196811,7.92,7.78,8.33,5.35,5.11,8.43
196812,-0.7,1.03,-0.64,-4.31,-3.65,-4.39
196901,-0.67,-0.68,-0.75,-1.32,-0.11,-1.59
196902,-9.05,-7.59,-9.73,-3.17,-5.68,-7.21
196903,-0.69,1.27,4.86,2.3,4.08,4.69
196904,-0.56,-0.43,1.26,2.64,1.69,3.09
196905,-0.79,-0.32,0.48,-0.93,0.94,1.21
196906,-12.63,-11.15,-12.36,-2.97,-5.94,-7.85
196907,-12.38,-7.54,-9.73,-6.96,-5.39,-6.2
196908,5.81,4.14,8.23,4.08,4.39,6.01
196909,-2.84,-1.63,-0.4,-4.6,-2.78,-1.99
196910,11.15,7.26,6.92,9.03,5.18,4.64
196911,-7.5,-5.53,-3.55,-4.89,-4.51,-1.52
196912,-9.05,-5.88,-4.13,-5.06,-2.72,-0.05
197001,-4.19,-4.85,-6.45,-10.16,-9.05,-6.71
197002,3.45,3.6,4.52,6.27,6.47,5.65
197003,-2.69,-1.43,-3.46,-1.52,2.46,-1.48
197004,-18.66,-12.96,-19.04,-8.98,-9.25,-10.13
197005,-10.14,-9.68,-10.29,-1.69,-5.4,-7.09
197006,-11.45,-7.16,-3.87,-8.12,-5.12,-4.3
197007,7.3,7.41,6.08,11.36,8.37,6.3
197008,10.29,5.57,3.46,9.78,5.56,3.51
197009,18.9,9.35,8.25,9.24,4.76,2.28
197010,-11.55,-2.51,-0.11,-8.02,-1.2,-0.63
197011,-0.42,2.29,3.64,4.54,5.06,5.94
197012,9.32,9.8,8.13,7.7,7.26,4.43
197101,15.06,10.16,9.04,10.21,4.85,3.2
197102,4.55,3.03,4.49,0.5,1.03,2.14
197103,6.11,6.4,5.96,6.6,3.83,3.92
197104,2.35,2.76,3.86,4.01,2.5,5.31
197105,-6.38,-4.89,-4.63,-3.41,-3.65,-3.43
197106,-3.42,-2.47,0.84,0.34,0.16,1.53
197107,-4.86,-4.55,-5.9,-2.85,-3.59,-6.51
197108,2.69,4.06,6.57,2.5,4.3,5.85
197109,-2.41,-1.14,0.73,-1.5,-0.01,-0.41
197110,-7.76,-5.42,-5.33,-3.37,-3.44,-4.85
197111,-4.21,-2.91,-1.85,-0.33,0.48,0.34
197112,13.81,12.27,12.66,9.19,8.13,9.17
197201,10.81,6.99,8.72,-0.03,2.72,2.4
197202,2.4,3.77,4.33,1.63,2.06,4.78
197203,-1.03,0.62,1.19,-1.5,0.75,2.16
197204,-1.43,0.44,2.51,-0.15,0.14,1.53
197205,-4.06,-2.28,-1.17,0.17,0.94,3.86
197206,-4.49,-3.02,-3.5,-3.82,-2.15,-1
197207,-4.38,-2.34,-3.43,-3.2,-0.69,1.35
197208,2.8,1.44,-0.15,8.59,5.61,0.73
197209,-3.76,-2.66,-2.69,-2.4,-0.84,0.17
197210,-2.25,-0.51,-0.96,0.53,1.73,0.66
197211,6.86,5.19,4.67,9.89,6.98,1.9
197212,-3.72,-1.5,0.72,-2.32,0.12,3.08
197301,-6.35,-3.97,-5.7,-8.21,-2.56,-1.4
197302,-8.38,-6.99,-9.69,-9.21,-3.65,-3.58
197303,-4.62,-2.97,-0.38,-2.35,-2.41,0.59
197304,-10.62,-6.24,-4.91,-10.7,-5.1,-3.69
197305,-11.02,-8.42,-5.35,-9.23,-3.01,-0.61
197306,-5.3,-3.1,-1.86,-4.86,-2.7,0.28
197307,17.99,11.27,7.19,15.01,8.97,2.67
197308,-7.18,-3.64,-2.45,-5.02,-3.1,-2.83
197309,11.67,9.84,9.24,14.28,8.47,2.72
197310,-3.91,1.37,3.16,-5.33,-1.58,1.35
197311,-22.34,-17.45,-16.37,-20.8,-12.26,-9.46
197312,-7.46,-2.43,4.92,-4.54,-0.43,3.83
197401,16.08,10.13,6.97,5.97,2.21,-2.62
197402,-0.39,0.43,0.06,0.59,-0.9,0.77
197403,1,0.3,-0.97,-3.51,-1.41,-3.65
197404,-7.47,-5.29,-4.96,-5.93,-3.9,-4.23
197405,-9.33,-7.09,-7.55,-3.84,-1.33,-6.41
197406,-4.95,-3.04,-1.7,-3.12,-1.71,-1.76
197407,-6.28,-4.37,-4.22,-8.91,-8.36,-4.76
197408,-9.74,-8.16,-6.29,-10.5,-9.09,-7.96
197409,-10.49,-7.12,-7.71,-13.46,-12.96,-7.76
197410,9.13,8.52,10.69,20.83,15.43,18.2
197411,-6.03,-5.62,-3.01,-4.14,-4.44,-2.89
197412,-7.57,-6.46,-5.6,-4.7,-2.46,-0.83
197501,35.85,27.02,19.93,21.63,11.23,9.9
197502,4.24,4.94,4.67,6.81,6.95,5.16
197503,9.11,5.17,6.58,4.31,1.74,2.76
197504,2.11,3.22,6.72,6.12,4.62,4.27
197505,7.28,6.78,8.08,6.21,5.82,4.25
197506,7.17,6.83,6.58,5.18,4.75,5.84
197507,-1.63,-2.61,-3.21,-7.85,-6,-5.42
197508,-5.24,-4.61,-5.37,-2.28,-1.86,-2.35
197509,-3.86,-3.38,-3.84,-4.72,-2.79,-3.92
197510,0.93,3.03,2.83,7.8,5.76,5.58
197511,1.29,2.53,2.53,4.36,2.6,2.22
197512,0.18,-0.88,-1.43,-2.27,-0.71,-0.87
197601,16.03,19.03,20.8,9.99,12.9,14.12
197602,9.66,8.04,8.8,-0.65,-0.66,0.97
197603,0.33,1.76,2.24,3.06,3.36,1.44
197604,-0.95,-0.62,-1.74,-2.49,-0.07,-0.51
197605,-0.77,-1.24,-3.24,-1.52,-0.25,-1.29
197606,3.46,2.88,4.27,5.12,4.65,3.46
197607,-0.22,0.99,0.16,-1.26,0.13,-1.9
197608,-2.2,-1.12,-2.33,0.52,0.4,-1.06
197609,2.61,3.02,2.63,1.85,2.92,2.27
197610,-2.04,-1.17,-2.22,-2.48,-1.36,-3.17
197611,3,3.4,4.5,-1.71,1.3,2.62
197612,10.7,9.1,9.54,4.78,5.64,7.4
197701,0.34,2.44,2.91,-7.36,-3.01,-1.94
197702,-1.56,-0.4,0.25,-1.62,-1.39,-2.7
197703,0.65,0.59,0.53,-1.88,-1.04,-0.66
197704,-0.16,1.47,2.64,-2.14,0.77,3.49
197705,-0.92,0.59,0.14,-3.02,-0.42,-0.02
197706,5.23,5.72,7.32,4.87,4.72,6.1
197707,-0.09,0.58,0.58,-1.41,-1.6,-1.43
197708,-0.5,-1.01,-0.13,0.84,-2.93,-2.92
197709,-0.01,1.26,1.58,-1.31,1.18,1.1
197710,-2.52,-1.89,-3.01,-4.32,-3.86,-3.99
197711,7.31,6.87,8.67,3.64,4.09,6.3
197712,0.47,1.82,2.39,0.04,0.88,1.29
197801,-1.83,-1.92,-3.23,-6.4,-5.45,-6.33
197802,1.47,2.18,2.94,-2.64,-0.9,-0.18
197803,5.97,5.51,7.05,3.66,2.07,5.31
197804,7.17,6.8,8.83,9.79,7.45,9.86
197805,5.57,4.31,7.4,1.45,1.33,5.28
197806,-0.92,0.52,1.08,-2.58,-1.01,0.9
197807,3.84,4.89,7.1,4.9,5.52,9.97
197808,6.53,7.06,9.53,3.76,2.96,6.41
197809,0.14,-0.18,-1.8,0.62,-1.46,-3.72
197810,-15.05,-16.56,-23.26,-8.25,-10,-16.96
197811,3.02,4.18,8.59,2.26,3.05,7.59
197812,0.74,1.97,3.08,-0.85,2,2.87
197901,9.69,7.74,9.04,6.2,3.91,4.13
197902,-2.06,-1.98,-2.69,-2.54,-2.59,-4.03
197903,8.26,8.26,10.68,5.18,5.34,8.63
197904,2.12,2.5,2.98,0.31,-0.06,1.06
197905,-1.53,-1.06,-1.59,-0.87,-1.34,-1.89
197906,5.27,5.23,6.07,3.98,4.56,4.86
197907,3.39,3.35,1.97,1.87,1.39,1.14
197908,8.83,6.54,8.27,7.11,4.97,7.27
197909,-2.28,-0.77,1.61,-3.06,-1.06,3.6
197910,-11.73,-10.06,-9.83,-7.36,-7.29,-5.26
197911,3.54,6.4,12.37,3.49,5.54,10.93
197912,4.54,4.43,9.23,0.03,1.97,4.89
198001,5.51,6.88,10.73,2.05,5.16,11.94
198002,-4.54,-3.66,0.75,-4.32,-2.3,6.15
198003,-13.72,-15.04,-20.49,-4.78,-9.15,-17.11
198004,6.63,5.54,7.14,6.51,3.53,5.14
198005,9.31,8.07,7.56,5.53,6.56,5.03
198006,4.01,4.01,5.67,3.35,1.94,4.93
198007,8.98,8.74,12.36,9.21,5.61,6.61
198008,4.68,3.71,8.98,0.68,1.16,2.81
198009,1.84,2.47,5.56,-0.75,0.55,6.32
198010,0.22,2.02,7.1,-2.45,0.18,5.27
198011,1.06,4.51,12.28,0.81,10.62,20.02
198012,-1.73,-1.55,-4.43,2.89,-2.26,-7.77
198101,1.54,1.86,-3.39,1.76,-2.08,-9.21
198102,1.49,1.41,0.39,2.46,2.58,0.85
198103,7.48,7.28,8.08,4.68,3.02,5.57
198104,2.26,3.5,3.15,-0.58,-1.48,-3.29
198105,0.56,2.49,5.26,0.37,0.44,3.07
198106,0.23,-0.64,-2.6,2.42,-1.27,-6.38
198107,-1.65,-2.03,-2.56,2.58,-1.28,-1.42
198108,-6.96,-6.29,-7.83,-4.76,-5.63,-6.2
198109,-9.65,-6.49,-6.56,-6.51,-5.2,-5.7
198110,6.16,7.08,9.66,3.31,6.03,7.83
198111,1.74,4.54,3.53,5.36,5.59,3.02
198112,-3.2,-0.35,-1.28,-3.51,-2.54,-2.83
198201,-3.78,-3.13,-3.24,-3.64,-2.09,-0.75
198202,-7.42,-3.42,-2.45,-7.56,-4.83,-2.78
198203,-2.5,-0.51,-0.35,-2.4,-1.22,1.38
198204,5.55,5.63,5.23,4.82,3.94,4.34
198205,-5.02,-2.26,-1.65,-4.52,-2.02,-2.88
198206,-6.19,-2.32,-0.75,-4.5,-2.19,-0.02
198207,-3.35,-0.97,-0.16,-5.23,-3.94,0.48
198208,10.01,7.6,7.61,15.64,12.73,11.01
198209,-0.02,5.12,6.12,0.16,1.26,2.4
198210,13.58,12.46,16.01,12.64,11.87,10.59
198211,4.91,9.58,10.89,1.02,4.86,6.93
198212,0.38,1.26,1.71,2.68,0.31,1.43
198301,9.12,5.97,7.59,4.48,4.27,2.55
198302,2.64,5.36,6.53,1.27,2.38,4.93
198303,3.52,4.3,5.57,3.69,2.77,3.49
198304,6.05,7.18,8.56,8.17,5.76,9.11
198305,9.58,5.09,7.29,1.05,-0.57,0.22
198306,3.52,3.52,5.16,3.96,2.11,5.91
198307,-0.12,-1.44,-3.81,-2.82,-2.81,-5.39
198308,-0.74,-2,-5.42,3.25,1.41,-3.36
198309,0.56,2.81,1.86,1.95,1.93,0.6
198310,-4.15,-4.61,-7.96,-0.52,-1.34,-5.75
198311,3.41,4.72,4.63,2.71,3,1.23
198312,-2.55,-0.54,-1.35,-0.64,-1.45,-0.17
198401,-0.47,-0.39,-2.4,-0.19,-0.74,-3.38
198402,-5.8,-4.48,-5.51,-4.41,-3.27,-4.27
198403,-0.53,1.87,1.23,1.32,1.58,1.7
198404,-2.2,-0.01,0.43,-0.29,0.46,1.21
198405,-6.17,-4.94,-4.18,-5.99,-4.86,-4.96
198406,2.19,3.62,2.76,3.27,3.29,1.31
198407,-7.02,-3.55,-1.38,-2.46,-1.12,-2.39
198408,13.78,11.2,8.38,14.77,12.27,8.99
198409,-1.96,-0.48,2.27,-1.54,-0.75,1.48
198410,-3.63,-0.61,0.76,-1.01,0.26,0.92
198411,-4.47,-0.94,-0.99,-0.77,-0.9,-0.98
198412,0.56,2.56,2.28,1.51,2.55,2.78
198501,16.12,11.8,8.9,11.87,9.12,5.45
198502,1.71,2.85,3.28,0.01,1.52,2.19
198503,-3.4,-1.85,-0.17,0.44,-0.18,0.37
198504,-2.84,-0.64,0.95,-1.89,-0.08,0.39
198505,1.52,3.94,4.85,2.36,6.51,7.01
198506,-1.46,2.47,3.85,1.39,1,3.21
198507,3.3,2.22,1.58,3.39,0.47,-2.71
198508,-1.33,-0.65,0.2,-1.87,-0.57,0.3
198509,-7.17,-4.91,-4.69,-4.35,-3.28,-3.82
198510,0.76,3.69,5.97,1.6,4.77,6.16
198511,6.63,6.61,7.62,8.48,7.14,6.54
198512,3.91,4.7,4.18,4.79,4.95,4.07
198601,-0.22,1.73,4.1,1.16,-0.13,2.84
198602,5.17,6.99,9.11,6.74,7.62,8.32
198603,4.31,5.01,4.86,3.02,4.83,7.29
198604,1.06,1.73,2.18,0.08,-1.21,-1.76
198605,2.94,3.13,5.34,5.19,4.47,6.9
198606,-2.35,0.81,2.61,-1.19,1.33,3.99
198607,-10.46,-7.2,-8.17,-6.97,-4.81,-5.61
198608,4.38,3.4,2.36,13.33,7.54,4.78
198609,-5.01,-5.86,-7.69,-2.46,-7.19,-11.35
198610,1.9,2.96,4.39,0.34,5.94,6.77
198611,-0.83,0.21,-1.15,1.79,2.23,1.6
198612,-3.2,-1.96,-3.24,-3.57,-2.44,-2.83
198701,11.76,10.12,12.38,10.69,12.15,14.47
198702,7.96,7.37,7.75,7.16,4.54,3.23
198703,1.39,2.25,3.44,1.48,1.26,2.78
198704,-3.86,-3.15,-2.13,0.72,-3.22,-0.57
198705,-0.38,-0.21,-0.83,1.71,0.32,0.68
198706,2.35,3.9,2.5,5.12,4.9,4.47
198707,2.13,3.17,4.82,2.76,4.11,5.51
198708,3.04,3.57,3.16,5.72,3.89,3.88
198709,-2.73,-1.19,-1.41,-1.57,-3.09,-1.37
198710,-26.31,-27.81,-32.5,-13.8,-21.74,-23.33
198711,-5.93,-3.54,-5.27,-4.98,-8.26,-7.97
198712,3.96,6.25,11.5,3.75,6.66,7.95
198801,7.87,5.33,2.05,10.35,6.31,1.68
198802,8.56,7.75,7.69,7.28,3.77,5.22
198803,2.99,3.78,4.51,-1.86,-3.34,-2.21
198804,0.63,1.24,2.93,-0.56,0.63,1.62
198805,-2.93,-1.66,-1.46,0.8,0.6,0.58
198806,7.13,5.71,6.79,8.96,4.5,3.44
198807,-0.49,-1.14,-0.51,-1.86,-0.53,-0.53
198808,-3.07,-1.99,-2.54,-2.77,-2.83,-2.6
198809,1.25,2.75,3.06,4.76,4.37,3.49
198810,-2.07,-0.87,-0.2,1.53,2.4,2.33
198811,-3.91,-2.19,-3.2,-1.52,-1.46,-1.56
198812,2.62,3.29,4.32,2.34,1.87,1.62
198901,4.62,3.99,5.18,7.95,6.43,7.06
198902,0.71,0.4,1.22,-2.07,-2.5,-0.6
198903,1.12,1.97,3.42,-0.41,1.81,4.31
198904,3.07,3.85,5.26,4.44,5,5.8
198905,3.17,4.08,4.31,2.94,4.02,4.83
198906,-2.41,-0.24,-2.05,-0.57,-0.76,-0.07
198907,1.55,4.07,5.99,4.48,7.62,10.86
198908,1.66,3.04,3.45,3.45,2.21,1.43
198909,-1.24,0.5,1.82,-2.46,-1.11,1.29
198910,-7.23,-4.88,-5.55,-3.56,-2.24,-2.61
198911,-1.38,0.79,1.22,-0.67,2.68,1.93
198912,-1.52,-0.14,0.87,-1.22,3.05,1.99
199001,-8.37,-7.3,-10.22,-3.61,-6.35,-8.31
199002,2.92,1.99,3.8,3.27,1.34,1.3
199003,1.94,3.1,4.77,2.26,1.37,3.02
199004,-5.06,-3.27,-2.63,-4.46,-2.77,-2.12
199005,5.01,4.43,10.02,8.77,9.06,9.83
199006,-0.39,0.47,0.16,-3.88,-1.31,0.37
199007,-6.55,-3.45,-2.73,-8.01,-1.45,0.37
199008,-14.67,-11.11,-13.18,-10.59,-9.68,-8.32
199009,-12.91,-7.78,-8.48,-11.83,-4.08,-4.71
199010,-10.33,-5.52,-3.92,-6.78,-0.7,0.24
199011,8.6,6.41,7.12,14.89,7.58,5.41
199012,1.07,4.2,4.98,5.28,4.5,1.94
199101,10.45,7.15,8.09,13.86,5.89,3.31
199102,15.47,10.32,10.9,11.69,6.79,7.04
199103,5.93,4.53,8.98,0.93,1.8,3.62
199104,0.51,1.7,0.58,4.09,0.54,-0.7
199105,2.08,3.5,5.45,7.54,3.6,3.95
199106,-4.23,-2.83,-5.42,-5.89,-4.94,-3.76
199107,1.76,2.87,6.49,3.21,3.11,7.11
199108,1.74,3.29,5.38,4.37,1.33,3.88
199109,-1.57,0.29,1.96,-1.5,-1.11,-1.44
199110,0.76,1.59,4.13,-0.19,1.65,2.55
199111,-5.05,-2.65,-4.75,-5.35,-2.92,-3.37
199112,3.49,6.38,10.72,6.9,11.24,16.04
199201,11.01,6.81,9.48,1.41,-2.29,-2.04
199202,3.18,3.36,3.01,2.23,0.78,1.34
199203,-3.53,-0.93,-3.89,-2.71,-1.48,-2.93
199204,-3.63,-2.3,-4.31,4.3,2.82,-0.19
199205,1.63,0.49,0.64,0.47,0.01,1.88
199206,-5.1,-2.96,-4.23,-1.62,-0.72,-3.64
199207,1.81,3.23,4.29,3.45,4.37,4.07
199208,-3.04,-2.16,-3.13,-2.07,-1.55,-3.01
199209,-0.18,1.82,2.62,1.36,1.36,1.54
199210,2.2,2.32,3.71,-0.46,0.28,2.98
199211,9.35,6.12,7.77,3.54,3.3,4.81
199212,0.96,3.39,5.55,-1.82,2.13,2.22
199301,2.26,3.33,5.11,-2.96,0.78,3.86
199302,-4.67,-1.43,-1.39,-1.54,1.07,1.48
199303,1.05,2.17,4.75,0.64,1.96,4.39
199304,-4.14,-1.73,-2.92,-2.83,-2.45,-3.3
199305,5.99,3.62,4.44,3.31,1.58,5.3
199306,-1.54,0.31,2.04,-2.39,0.37,3.13
199307,0,1.84,1.91,-2.75,-0.16,1.65
199308,2.58,3.14,5.76,3.8,2.91,5.91
199309,0.96,2.7,4.44,-2.02,-0.23,1.24
199310,4.23,2.47,2.82,4.64,0.2,0.59
199311,-0.95,-2.39,-4.22,2.61,-2.56,-3.6
199312,1.41,3.18,3.8,0.05,2.23,2.39
199401,3.26,2.51,3.07,3.79,2.3,3.99
199402,-0.41,-0.28,-0.97,-2.41,-2.67,-2.45
199403,-4.39,-4.7,-6.33,-4.29,-4,-4.9
199404,-1.71,-0.37,0.24,1.27,1.63,0.1
199405,0.29,0.04,-2.49,1.73,1.31,0.12
199406,-3.25,-1.27,-3.22,-1.99,-2.55,-3.77
199407,0.84,1.19,2.54,3.31,3.88,1.98
199408,5.6,5.03,6.15,3.8,3.25,6.36
199409,-0.62,-0.66,1.29,-2.57,-2.41,-1.86
199410,-1.32,-0.61,1.17,1.6,2.08,2.09
199411,-4.62,-3.57,-3.26,-2.14,-3.89,-3.86
199412,-2.29,1.88,3.41,0.04,1.73,1.29
199501,0.9,0.06,-0.6,3.46,3.26,1.32
199502,3.23,3.48,4,5.02,4.28,3.48
199503,1.44,1.8,2.64,3.25,2.34,2.91
199504,2.14,2.35,2.43,0.23,2.24,3.52
199505,1.6,1.72,1.97,4.6,3.83,3.38
199506,4.36,3.4,8.69,2.85,1.33,4.37
199507,4.35,4.81,8.83,3.5,3.51,4.14
199508,1.78,3.57,3.22,1.34,1.22,0.22
199509,0.1,2.28,3.03,1.81,3.95,4.68
199510,-8.33,-3.46,-4.7,-4.07,-0.93,0.62
199511,1.97,3.8,4.19,7.19,4.71,3.63
199512,-0.12,2.92,3.37,-0.32,2.03,1.23
199601,1.35,0.43,0.22,1.39,2.44,3.61
199602,3.78,2.85,4.05,1.4,0.76,2.31
199603,2.92,1.76,2.49,3.59,1.34,0.34
199604,6.8,3.27,8.63,5.37,0.96,1.77
199605,4.56,4.11,6.11,1.85,1.82,3.38
199606,-5.03,-2.37,-4.65,-2.03,0.5,-0.45
199607,-8.37,-6.11,-10.93,-7.46,-4,-5.23
199608,4.8,5.14,7.05,4.67,2.64,2.44
199609,2.32,3.64,5.18,4.11,4.63,6.64
199610,-3.37,0.3,-2.4,-3.76,2.98,2.84
199611,4.39,4.1,1.91,8.42,7.59,6.16
199612,-0.15,2.94,3.16,-0.18,-1.27,-2.23
199701,4.65,3.05,3.38,2.91,4.17,8.09
199702,-2.47,0.1,-4.33,0.33,1.81,-2.07
199703,-6.56,-3.63,-4.18,-4.28,-4.07,-4.86
199704,-3.39,0,-1.03,0.84,3.64,8.17
199705,15.72,9.83,11.51,11.88,5.95,5.75
199706,4.11,5.95,7.5,3.22,3.43,5.02
199707,3.89,5.52,6.89,5.02,6.77,9.56
199708,4.15,2.97,3.83,-1.33,-3.78,-6.11
199709,7.83,7.86,9.73,4.76,5.23,5.79
199710,-4.47,-2.25,-4.17,-2.78,-2.91,-4.22
199711,-3.28,-0.63,-1.14,4.03,4.91,2.56
199712,-4.44,1.74,1.88,0.9,2.08,2.53
199801,0.51,-0.88,-1.15,-0.65,0.51,1.29
199802,8.31,7.6,7.24,8.33,7.29,7.16
199803,3.42,4.77,5.61,3.91,4.73,6.03
199804,1.92,1.3,1.64,0.62,0.11,2.39
199805,-6.63,-3.93,-5.46,-4.17,-2.08,-1.7
199806,-5.73,-0.92,2.31,-0.11,3.88,6.41
199807,-10.06,-6.78,-5.65,-2.95,-2.47,0.01
199808,-23.7,-17.43,-20.62,-15.27,-15.44,-14.67
199809,6.17,4.61,9,10.72,6.28,6.27
199810,7.13,3.94,2.41,12.77,8.87,6.76
199811,5.24,6.13,7.24,6.24,5.77,6.63
199812,0.76,4.24,7.37,-2.11,1.94,9.1
199901,4.17,-0.06,2.97,-1.97,0.74,5.28
199902,-8.27,-7.31,-7.53,-3.15,-1.58,-4.1
199903,0.21,-3.09,-0.64,6.11,2.11,4.42
199904,13.28,6.89,8.31,15.33,9.27,2.22
199905,5.75,3.32,2.42,4.17,-0.44,-2.87
199906,3.7,4.89,9.44,1.9,1.18,6.29
199907,-1.55,-0.51,-0.29,-4.65,-4.15,-2.59
199908,-4.99,-3.22,-1.54,-2.8,-2,-0.02
199909,-2.67,-1.17,1.56,-9.28,-4.56,-0.56
199910,-3.62,-0.87,1.42,1.46,6.74,7.42
199911,5.81,2.88,13.16,1.37,-0.95,5.29
199912,5.36,3.39,17.21,-1.96,-4.06,12.62
200001,-0.48,-1.53,3.27,-5.45,-2.18,-5.37
200002,5.98,5.72,26.59,-9.09,-7.77,6.7
200003,2.2,0.72,-2.01,14.73,11.17,5.28
200004,-4.53,-0.19,-13.51,2.4,-4.52,-5.38
200005,-3.3,-1.79,-8.07,5.95,2.43,-7.25
200006,2.21,1.72,21.01,-6.58,-0.93,7.81
200007,-0.82,1.18,-4.9,-5.32,-1.39,-1.34
200008,4.93,4.92,11.91,5.25,3.56,9.74
200009,-8.59,-0.65,-4.06,-6.53,1.1,-7.12
200010,-7.42,-1.44,-7.58,3.7,2.16,-5.1
200011,-14.2,-5.78,-13.25,-8.88,-3.79,-14.47
200012,-0.17,6.63,7.99,-1.56,0.87,3.76
200101,30.38,8.24,4.25,18.64,2.47,-5.83
200102,-14.89,-1.9,-4,-17.3,-7.88,-3.06
200103,-9.81,-2.1,-1.3,-11.52,-5.7,-2.94
200104,13.3,5.87,7.04,13.63,5.91,4.07
200105,5.4,5.48,5.77,-1.69,2.15,2.35
200106,4.43,4.94,5.37,-1.92,-2.22,-2.09
200107,-9.19,-1.5,-1.72,-3.31,-0.16,0.38
200108,-8.05,-0.85,-3.01,-9.14,-4.67,-3.12
200109,-22.39,-12.03,-9.87,-15.9,-3.98,-5.45
200110,17.17,5.13,5.51,4.57,0.84,-0.71
200111,15.5,6.62,5.84,12.11,5.25,4.4
200112,9.48,6.8,6.04,-0.74,2.44,2.83
200201,-5.37,-0.66,1.43,-2.41,-0.25,-1.72
200202,-9.52,-0.72,-1.96,-5.84,-0.16,0.25
200203,11.15,9.12,8.55,4.71,3.59,4.04
200204,-5.03,2.36,0.67,-9.62,-4.83,-0.06
200205,-8.23,-2.99,-2.72,-1.75,-0.36,-0.94
200206,-10.9,-3.27,-1.46,-8,-7.04,-5.37
200207,-18.82,-12.68,-13.01,-8.51,-6.37,-6.79
200208,-1.67,1.32,0.59,-0.31,1.69,1.22
200209,-13.47,-5.58,-4.58,-15.15,-9.27,-5.77
200210,7.4,2.2,4.52,12.69,6.04,4.41
200211,23.68,5.75,3.74,11.03,3.07,-1.69
200212,-11.12,-3.72,-1.46,-10.36,-4.37,-0.74
200301,-2.99,-2.44,-0.97,-2.72,-2.97,-1.65
200302,-4.37,-3.22,-1.94,-1.32,-2.09,-1.41
200303,1.24,0.64,2.45,-0.23,1.59,1.53
200304,16.37,9.21,7.48,14.82,7.69,5.04
200305,19.2,9.87,7.91,13.74,5.32,3.62
200306,4.51,2.25,2.97,2.12,0.8,1.66
200307,7.39,5.56,7.58,3.37,1.33,2.7
200308,5.69,3.83,5.32,2.87,2.05,2.01
200309,-0.99,-0.91,-0.5,-0.82,-1.15,-1.68
200310,7.1,7.83,10.07,4.88,4.03,9.9
200311,3.06,4.07,4.02,0.67,1.06,2.62
200312,5.99,3.11,1.03,7.12,4.21,0.93
200401,2.89,3.32,6.9,1.15,2.4,2.31
200402,1.36,1.59,0.02,1.46,2.07,0.5
200403,0.91,1.03,-0.21,-2.02,-1.06,-0.57
200404,-1.89,-2.33,-6.37,0.8,-2.51,-5.48
200405,-0.19,0.97,1.88,0.7,1.82,1.63
200406,2.65,4.35,4.66,1.57,1.31,3.66
200407,-7.67,-5.71,-7.61,-2.46,-3.57,-7.09
200408,-0.46,-0.46,-2.33,0.62,0.33,-0.7
200409,3.24,4.41,7.43,-0.72,1.09,6.08
200410,2.77,2.55,0.89,2.63,0.59,1.76
200411,8.24,8.25,9.97,2.19,4.6,6.79
200412,5.7,2.38,3.11,4.51,3.82,1.36
200501,-6.84,-3.13,-2.38,-3.56,-1.59,-1.92
200502,0.25,0.93,3.6,0.87,2.26,4.26
200503,-3.31,-1.89,-3.2,-2.36,-1.16,-1.66
200504,-7.3,-4.93,-6.15,-1.33,-1.44,-3.86
200505,6.62,5.95,7.29,3.87,3.09,4.09
200506,3.31,4.07,4.05,-0.36,-0.45,3
200507,7.24,6.33,6.49,3.91,3.44,4.79
200508,-2.07,-2.11,-0.75,-1.6,-1.16,1.24
200509,-1.09,0.32,1.73,-0.6,0.86,3.45
200510,-3.44,-2.61,-3.06,0.13,-2.1,-3.03
200511,4.82,4.05,5.18,3.51,4.06,3.86
200512,-0.05,-0.33,0.06,-0.39,-0.2,1.05
200601,8.51,6.23,10.83,2.83,1.38,5.57
200602,-0.43,0.87,-1.19,0.93,0.88,-2.01
200603,3.25,4.11,5.32,2.23,0.54,2.69
200604,-0.35,-0.08,0.79,0.99,1.31,1.13
200605,-4.13,-4.11,-6.95,-1.02,-3.02,-5.6
200606,-2.29,0.09,-0.57,-0.68,0.42,0.68
200607,-3.69,-2.37,-5.11,0.32,0.99,-2.5
200608,4.55,2.64,1.65,4.16,2.72,0.3
200609,1.62,0.96,0.68,3.08,2.31,2.1
200610,6.22,5.14,5.57,3.98,2.72,4.23
200611,3.72,2.25,2.41,3.06,1.49,2.31
200612,0.23,0.85,0.71,-0.06,1.91,1.03
200701,2.04,1.03,2.1,1.96,1.51,2.38
200702,-0.03,-0.47,-0.69,-0.57,-1.44,-2.62
200703,0.09,1.25,1.88,-0.44,0.4,2.9
200704,1.96,1.65,2.77,5.1,4.21,3.81
200705,4.11,4.38,2.93,3.54,3.3,4.05
200706,-1.83,-0.84,-0.86,-1.55,-1.71,-1.5
200707,-7.64,-5.16,-4.92,-4.73,-3.35,-1.57
200708,1.28,1.39,1.12,1.83,1.06,2.2
200709,-0.41,0.43,4.12,1.54,3.15,6.26
200710,-0.95,2.29,3.89,-1.3,2.44,3.9
200711,-8.29,-6.56,-8,-6.11,-3.41,-4.43
200712,-2.37,-0.84,1.02,-7.42,-1.94,2.45
200801,-3.11,-6.32,-10.69,-1.27,-3.82,-9.19
200802,-6.04,-3.54,-2.49,-9.45,-3.59,-0.78
200803,-2.5,1.48,-0.91,-6.76,-0.51,0.18
200804,2.86,2.81,4.59,8.75,2.32,6.4
200805,3.95,3.94,4.88,-2.8,1.32,2.89
200806,-15.67,-9.72,-5.17,-19.33,-10.21,-4.34
200807,5.06,3.9,1.95,3.55,1.57,-3.6
200808,7.45,4.63,0.64,1.21,2.7,-0.04
200809,-9.83,-6.57,-9.94,-12.16,-6.21,-11.49
200810,-25.73,-20.91,-19.18,-23.81,-15.65,-14.67
200811,-17.18,-13.56,-9.75,-14.47,-4.61,-7.56
200812,9.69,5.19,4.53,4.88,2.26,-0.15
200901,-7.83,-9.82,-12.2,-7.85,-8.09,-7.86
200902,-16.03,-12.21,-12.03,-13.84,-10.11,-9.04
200903,18.58,11.5,7.65,18.68,10.6,5.88
200904,46.43,22.39,9,33.61,13.87,2.44
200905,14.92,3.73,1.3,14.37,5.88,3.02
200906,-0.56,2.95,3.15,-6.01,0.81,1.25
200907,14.39,10.18,8.07,11,7.79,6.22
200908,11.53,3.57,-0.29,8.49,3.16,2.18
200909,10.82,5.66,4.88,6.9,3.61,3.26
200910,-7.98,-5.58,-8.49,-7.07,-1.22,-1.34
200911,2.23,2.19,3.26,6.28,5.56,5.86
200912,8.67,7.11,9.71,-0.46,3.43,4.52
201001,-0.76,-3.44,-4.59,-0.23,-3.37,-7.19
201002,2.99,4.1,6.59,1.54,3.58,5.43
201003,8.24,7.57,9.53,4.44,5.84,10.66
201004,5.81,5.84,8.39,1.04,0.89,4.78
201005,-7.92,-6.89,-7.97,-7.74,-7.89,-8.19
201006,-7.48,-6.64,-10.42,-4.2,-5.66,-6.77
201007,6.07,6.41,9.01,7.29,6.44,8.11
201008,-7.84,-7.51,-7.21,-4.07,-4.58,-4.81
201009,13.31,12.18,13.5,8.8,8.57,11.44
201010,3.44,3.49,4.48,2.14,4.27,4.26
201011,2.44,2.65,4.63,-0.39,-0.3,2.74
201012,10.99,8.31,7.31,7.97,6.04,5.59
201101,-0.66,0.25,0.45,2.72,2.39,1.03
201102,3.68,5.01,6.05,1.75,4.67,3.37
201103,-0.3,2.95,4.32,-0.82,0.44,1.35
201104,1.61,2.62,2.13,2.88,3.35,2.45
201105,-2.13,-1.34,-2.06,-0.58,-1.12,-1.89
201106,-3.63,-1.53,-1.6,-2.58,-1.52,-1.06
201107,-4.34,-3.99,-3.12,-1.5,-2.45,-2.35
201108,-10.04,-7.81,-9.96,-6.36,-4.67,-6.99
201109,-10.87,-10.01,-13.43,-7.43,-6.11,-9.72
201110,15.7,15.23,17.53,14.73,10.46,10.04
201111,-2.58,-0.18,0.28,-4.02,-0.06,0.79
201112,-0.38,1.28,0.15,-2.57,1.59,0.51
201201,11.93,6.47,6.47,12.92,5.08,2.55
201202,3.28,2.54,3.81,5.59,4.14,4.48
201203,1.82,2.92,3.02,2.77,2.29,4.17
201204,-3.31,-1.61,-0.55,-4.45,-0.93,0.3
201205,-10.17,-5.89,-5.18,-12.13,-6.47,-4.13
201206,6.05,4.61,4.16,3.38,4.72,3.15
201207,-4.24,-1.17,-0.34,-0.67,1.03,1.51
201208,4.89,2.54,3.33,4.46,3.53,1.28
201209,4.14,3.12,3.63,4.26,2.33,2.49
201210,-3.26,-2.4,-0.95,-0.37,-1.72,-2.41
201211,1.08,0.81,0.79,-0.21,0.67,1.05
201212,4.94,3.41,2.65,3.84,0.69,0.41
201301,6.25,5.93,6.73,7.57,5.96,3.51
201302,0.88,1.23,1.48,-0.36,1.6,1.63
201303,3.98,5.01,6.27,3.64,3.51,5.21
201304,-0.28,-0.76,-0.16,1.49,1.76,1.8
201305,7.68,4.24,4.8,3.57,2.36,2.41
201306,-0.24,0.38,0.59,-2.65,-0.44,-2.44
201307,7.22,7.36,8.42,4.76,5.1,7.08
201308,-3.2,-2.95,-2.41,-2.25,-2.8,-3.01
201309,5.01,5.83,7.53,1.9,4,5.49
201310,2.16,3.77,2.08,3.46,5.17,3.7
201311,4.75,5.05,4.62,2.45,3.12,3.46
201312,2.93,1.78,2.87,2.87,2.42,2.97
201401,-2.76,-3.66,-2.64,-4.97,-3.31,-1.67
201402,4.05,3.72,5.44,3.94,4.13,6.69
201403,0.59,1.58,-1.26,2.14,1.56,-2.58
201404,-2.52,-3.06,-5.35,2.6,0.76,-2.34
201405,0.55,0.88,-0.45,0.7,2.42,3.46
201406,5.24,5.17,6.25,2.59,1.96,2.95
201407,-6.43,-5.4,-5.91,-0.61,-2.18,-1.37
201408,3.94,4.55,5.51,4.24,4.1,4.31
201409,-6.54,-4.9,-5.73,-1.87,-1.57,-1.68
201410,5.69,7.77,4.77,1.37,2.54,2.17
201411,-0.59,-0.27,0.26,2.84,2.14,3.36
201412,1.49,3.05,2.65,-1.82,0.41,-0.74
201501,-7.42,-4.53,-1.61,-3.29,-4.56,-1.42
201502,9.28,6.35,5.83,7.74,6.21,5.56
201503,-0.61,1.64,2.55,-2.95,-1.65,-0.63
201504,3.07,-2.23,-4.27,5.89,2.06,-1.31
201505,-0.95,0.94,4.54,-2.95,1.12,3.21
201506,-0.84,1.38,2.34,-3.82,-1.84,-0.98
201507,-8.72,-1.43,0.34,-7.38,2.55,3.51
201508,-4.7,-4.43,-6.74,-4.21,-6.33,-6.34
201509,-11.9,-4.41,-4.76,-5.79,-2.17,-2.49
201510,8.8,5.92,4.26,8.7,8.23,6.68
201511,3.01,3.55,4.79,-2,0.52,0.77
201512,-6.63,-4.63,-5.04,-5.69,-2.33,-0.55
201601,-12.29,-9.31,-10.1,-6.02,-5.48,-5.32
201602,3.21,1.39,-1.81,1.7,1.28,-2.04
201603,12.88,8.54,6.2,9.36,7.26,6.01
201604,6.68,1.96,1.92,6.73,1.5,-0.54
201605,-0.03,1.68,1.69,1.09,1.56,2.22
201606,-1.88,-0.95,0.71,-3.26,-1.51,2.43
201607,7.49,5.97,5.05,7.3,3.94,3.07
201608,3.61,2.52,0.62,2.89,0.92,-1.1
201609,2.57,1.39,1.79,-0.77,0.18,0.39
201610,-7.36,-3.71,-4.87,-1.34,-1.42,-2.65
201611,11.6,13.24,10.12,9.54,3.89,1.77
201612,1.75,4.02,1.2,1.22,2.25,1.25
201701,1.91,-0.53,0.59,2.38,2,1.83
201702,2.88,1.46,0.98,4.2,3.68,2.8
201703,1.52,0.89,-0.29,-0.13,0.54,-0.36
201704,0.51,1.91,1.07,0.55,1.42,0.94
201705,-2.78,-2.35,-2.58,0.05,1.15,2.81
201706,3.84,3.87,4.51,1.14,0.63,0.28
201707,-0.12,0.47,1.24,1.53,0.94,3.53
201708,-3.37,-1.18,-0.44,-2.19,0.59,1.41
201709,7.52,7.89,7.07,3.75,2.4,1.56
201710,-2.06,0.55,1.39,-0.76,1.64,4.34
201711,3.32,3.15,2.88,4.6,2.86,3.3
201712,0.94,-1.07,0.94,3.36,1.66,0.29
201801,1.75,2.17,3.98,2.64,4.21,8.52
201802,-5.3,-3.22,-3.38,-6.96,-4.41,-1.72
201803,0.37,1.56,0.39,-0.66,-2.28,-2.93
201804,2.14,0.61,1.12,-1.09,0.54,0.64
201805,5.63,4.94,9.07,-0.45,2.35,3.88
201806,2.37,0.41,1.1,3.07,0.38,-0.37
201807,1.27,1.91,1.35,4.63,4.73,1.73
201808,2.72,3.01,6.39,0.75,1.63,7.66
201809,-2.01,-2.86,-2.43,0.23,0.28,0.72
201810,-11.76,-9.27,-12.03,-5.54,-5.71,-9.25
201811,2.65,1.27,0.84,0.79,3.77,-0.15
201812,-14.21,-11.87,-11.35,-9.91,-9.62,-8.57
201901,17.8,10.02,8.94,16.04,7.74,7.55
201902,4.97,5.8,5.41,2.73,3.16,4.01
201903,-3.34,-3.31,-1.39,0.08,1.03,2.54
201904,3.49,3.99,1.48,6.41,5.32,2.49
201905,-12.62,-8.93,-5.92,-13.28,-7.09,-4.85
201906,7.81,7.5,7.45,10.69,7.31,6.45
201907,-3.13,0.45,2.46,0.59,2.38,0.78
201908,-8.94,-5.66,-3.58,-8.28,-3.79,0.2
201909,5.79,3.98,-2.04,5.59,3.13,-0.21
201910,0.16,3.22,3.47,3.76,3.49,0.75
201911,4.76,4.63,3.63,6.79,4.54,2.6
201912,6.11,3,3.47,3.86,2.59,2.95
202001,-7.21,-4.45,-1.6,-4.34,-0.34,2.01
202002,-8.98,-9.74,-7.64,-5.74,-8.44,-7.89
202003,-25.62,-22.51,-22.79,-24.39,-12.9,-11.28
202004,24.41,13.59,18.38,17.18,13.8,12.75
202005,8.44,4.84,7.22,3.47,5.25,5.54
202006,5.38,3.29,5.21,4.86,-1.32,3.56
202007,-0.06,2.76,4.79,-3,4,7.37
202008,7.88,5.28,4.91,5.11,4.78,9.17
202009,-6.21,-4.61,-1.77,-6.11,-2.08,-4.3
202010,5.65,3.26,2.2,0.01,-1.92,-2.64
202011,26.95,17.04,18.06,26.11,13.64,10.13
202012,11.08,7.44,8.8,6.42,4.65,4.05
202101,5.1,3.87,14.08,0.71,-2.93,0.74
202102,12.81,10.07,6.9,9.57,4.59,-0.3
202103,4.87,4.01,-0.12,6.81,5.95,-0.48
202104,0.42,2.2,1.72,3.74,6.47,4.75
202105,-0.2,1.72,2.36,-0.21,1.03,-1.01
202106,1.94,-0.03,4.35,1.31,3.46,3.3
202107,-3.42,-2.21,-5.27,2.26,2.14,-0.45
202108,0.79,2.36,2.63,1.86,3.3,4.91
202109,-3.02,-2.69,-1.91,-5.09,-4.31,-3.21
202110,1.61,3.36,4.33,4.23,8.34,7.89
202111,-6.29,-2.52,-3.9,-2.89,0.25,-3.52
202112,2.45,4.53,1.98,4.69,5.25,-0.04
202201,-10,-5.48,-10.06,-2.33,-5.79,-7.46
202202,-0.52,1.15,2.53,-1.92,-3.42,-1.44
202203,0.44,0.36,1.59,-0.19,2.58,4.7
202204,-14.57,-7.67,-7.3,-12.22,-7.72,-9.74
202205,-2.66,0.83,1.69,-0.93,0.08,-0.43
202206,-7.43,-5.89,-10.18,-11.59,-8.02,-7.35
202207,11.88,9.79,9.75,14.48,8.73,8.7
202208,-1.31,-2.4,0.27,-4.18,-4.72,-1.66
202209,-11.3,-9.39,-8.72,-11.82,-9.51,-7.37
202210,7.93,11.69,13.42,7.53,6.5,9.96
202211,1.3,3.27,1.92,7.44,6.5,2.86
202212,-7.44,-4.33,-5.14,-10.18,-5.43,-3.4
202301,19.36,9.55,5.48,18.35,6.09,0.2
202302,-4.44,-1.02,-1.51,-0.97,-2.37,-3.6
202303,-6.34,-5.13,-4.58,7.64,2.15,0.93
202304,-3,-2.59,-1.46,0.42,1.24,2.12
202305,-0.44,-2.25,0.81,5.02,-0.73,2.51
202306,7.9,8.21,6.74,10.94,5.6,7.35
202307,9.82,6.1,4.82,5.37,4.25,2.4
202308,-7.89,-5.18,-4.38,-5.19,-1.3,-1.16
202309,-8.18,-4.67,-6.98,-4.75,-4.29,-5.44
202310,-8.01,-5.15,-7.48,-4.7,-2.18,-1.76
202311,9.12,8.08,11.28,7.92,7.77,11.26
202312,16.52,12,12.22,10.46,5.12,3.75
202401,-6.75,-4.21,-2.17,-2.95,0.9,2.83
202402,3.4,2.85,7.45,2.17,3.16,7.95
