Date,IWB,EWJ,EWG,EWU,EWQ,EWC,EWI,EWA,EWY,EWW,EWP,EWN,EWL,ENOR,EWD
1996-04-30,,0.047809,-0.046296,0.030457,0.014218,0.035928,0.134259,0.042683,,0.088235,0.036199,0,-0.020101,,0
1996-05-31,,-0.045627,0.024272,-0.009852,-0.009346,-0.00289,0,-0.005848,,0.005405,-0.008734,0.067669,-0.030769,,0.038288
1996-06-28,,0.011952,0.033175,0.00995,0.028302,-0.02029,0.004082,-0.017647,,0,0.039648,0,0.047619,,0.0282
1996-07-31,,-0.047244,0.009174,0.014778,-0.013761,-0.017751,-0.069106,-0.041916,,-0.096774,-0.033898,-0.021127,-0.025253,,-0.042194
1996-08-30,,-0.053719,-0.004982,0.034369,-0.032588,0.028048,-0.007406,0.03745,,0.102619,0.008877,0.011925,0.018238,,0.0603
1996-09-30,,0.034934,0.018433,0.019139,0.054187,0.041176,0.067873,0,,0,0.022222,0.028986,-0.020513,,0.042735
1996-10-31,,-0.067511,0.004525,0.056338,0.023364,0.084746,-0.063559,0.042945,,-0.059459,0.03913,0.014085,-0.010471,,0.040984
1996-11-29,,0.022624,0.036036,0.048889,0.045662,0.065104,0.085973,0.029412,,0.028736,0.07113,0.069444,0.029101,,0.062992
1996-12-31,,-0.075221,0,0.051695,0.017467,-0.039765,0,0.016229,,0.039106,0.107406,0.016961,-0.012853,,0.015941
1997-01-31,,-0.100478,0,-0.052632,0.012876,0.05102,0.083333,-0.045455,,0.075269,-0.014134,-0.003195,0.03125,,0.018248
1997-02-28,,0.021277,0.034783,0.034188,0.008475,-0.009709,-0.080769,0.02381,,0.03,-0.039427,0.044872,-0.005051,,-0.007168
1997-03-31,,-0.041667,0.037815,0.012397,0.008403,-0.058824,0.012552,-0.005814,,-0.014563,0.037313,-0.006135,0.015228,,0.018051
1997-04-30,,0.059783,-0.020243,0.020408,-0.041667,0.015625,0,0.02924,,0,0.05036,0.003086,0.065,,-0.049645
1997-05-30,,0.097436,0.066116,0.056,0.013043,0.087179,0.008264,0.022727,,0.044335,0.09589,0.073846,0.084507,,0.052239
1997-06-30,,0.056075,0.027132,0.015152,0.077253,0.009434,0.098361,0.033333,,0.122642,0.05625,0.068768,0.073593,,0.092199
1997-07-31,,-0.013274,0.10566,0.052239,0.027888,0.084112,0.05597,-0.005376,,0.151261,-0.056213,0.050938,0.024194,,0.055195
1997-08-29,,-0.098317,-0.108866,-0.027722,-0.078884,-0.061634,-0.043567,-0.068835,,-0.091206,-0.01432,-0.086106,-0.086167,,-0.067422
1997-09-30,,-0.00995,0.088803,0.086792,0.107759,0.055814,0.162264,0.047904,,0.136929,0.131313,0.086957,0.076233,,0.127148
1997-10-31,,-0.095477,-0.056738,-0.034722,-0.058366,-0.057269,-0.064935,-0.125714,,-0.193431,-0.083333,-0.042667,-0.025,,-0.091463
1997-11-28,,-0.066667,0.015038,-0.003597,0.004132,-0.028037,0.020833,-0.029412,,0.104072,0.048701,-0.011142,0.017094,,0.006711
1997-12-31,,-0.059457,0.044444,0.018923,0.042917,0.0294,0.093377,0.010123,,0.086728,0.025887,0.02011,0.037815,,-0.031077
1998-01-30,,0.120253,0.021277,0.056738,0.019763,-0.00939,0.077882,0.080537,,-0.14717,0.081571,0.016667,0.036437,,0.024138
1998-02-27,,0.011299,0.065972,0.067114,0.100775,0.094787,0.040462,-0.006211,,0.044248,0.120112,0.098361,0.089844,,0.090909
1998-03-31,,-0.111732,0.068404,0.078616,0.102113,0.056277,0.194444,0.03125,,0.04661,0.15212,0.047264,0.050179,,0.074074
1998-04-30,,0.037736,0.064024,-0.008746,0.035144,0,-0.018605,-0.006061,,0,0.025974,0.033254,-0.003413,,0.068966
1998-05-29,,-0.060606,0.063037,-0.041176,0.052469,-0.016393,0.056872,-0.079268,,-0.129555,0,0.048276,0.061644,,0.021505
1998-06-30,,0.012903,0.032345,0.030675,0.035191,-0.020833,-0.06278,0,,-0.07907,-0.004219,-0.015351,-0.025806,,-0.015789
1998-07-31,,-0.038217,0.023499,-0.029762,-0.008499,-0.07234,0.095694,-0.019868,,0.015152,0.036017,0.002227,0.049669,,-0.034759
1998-08-31,,-0.164419,-0.19551,-0.116599,-0.141522,-0.218928,-0.153226,-0.157611,,-0.348553,-0.223712,-0.128789,-0.179972,,-0.152173
1998-09-30,,0.015873,0.009646,0.032143,-0.034014,0.04375,-0.030726,0.090164,,0.16,0.035326,-0.027248,-0.083333,,-0.075601
1998-10-30,,0.210938,0.057325,0.055363,0.123239,0.08982,0.074928,0.075188,,0.158621,0.154856,0.064426,0.177273,,0.05948
1998-11-30,,0.032258,0.039157,0.04918,0.034483,0.032967,0.104558,0.06993,,-0.035714,0.05,0.031579,0.046332,,0.084211
1998-12-31,,0.025,0.033734,0.02637,0.048485,-0.011268,0.074,-0.004831,,0.017146,0.048346,0.067576,0.00369,,0.003386
1999-01-29,,0.02439,0.016854,0.006116,0.046243,0.086486,-0.043678,0.052632,,-0.02439,0,-0.06068,-0.011029,,0.05178
1999-02-26,,-0.035714,-0.09116,0.012158,-0.077348,-0.049751,-0.03125,-0.00625,,0.09375,-0.027197,-0.010336,-0.033457,,-0.015385
1999-03-31,,0.135802,-0.033435,0.024024,0.011976,0.041885,0.032258,0.018868,,0.205714,-0.060215,-0.007833,-0.026923,,0
1999-04-30,,0.043478,0.069182,0.043988,0.026627,0.100503,-0.016827,0.12963,,0.127962,0.01373,0.084211,0.027668,,0.034375
1999-05-28,,-0.057292,-0.052941,-0.05618,-0.014409,-0.041096,-0.046455,-0.087432,,-0.058824,-0.022573,-0.058252,-0.05,,-0.02719
1999-06-30,,0.104972,0.083851,0.026786,0.052632,0.071429,0.007692,0.071856,,0.107143,0.027714,0.023196,0.024291,,0.118012
1999-07-30,,0.075,-0.045845,-0.014493,-0.005556,-0.008889,-0.058524,-0.01676,,-0.120968,-0.069663,-0.010076,-0.003953,,0.022222
1999-08-31,,-0.000945,0.03152,0.001821,0.036228,0.004757,0.025258,-0.069509,,-0.02105,0.022643,0.023878,-0.002933,,-0.008474
1999-09-30,,0.042056,-0.002976,0,0.00545,0,0.020231,0.03125,,-0.018868,-0.014778,-0.026738,0.02449,,0.011299
1999-10-29,,0.06278,0.050746,0.018462,0.04607,0.055814,-0.01983,-0.024242,,0.048077,0.0225,0.03022,0.007968,,0.078212
1999-11-30,,0.029536,0.014205,0.009063,0.036269,0.061674,0,0.024845,,0.169725,0.051345,-0.024,-0.003953,,0.082902
1999-12-31,,0.076859,0.196078,0.045935,0.127624,0.095675,0.156069,0.074327,,0.133333,0.051163,0.106557,0.015873,,0.167851
2000-01-31,,-0.057471,-0.056206,-0.090379,-0.08371,0.011364,-0.065,-0.039548,,-0.100346,-0.081858,-0.133333,-0.109375,,-0.03178
2000-02-29,,-0.012195,0.1067,-0.016026,0.116049,0.041199,0.149733,-0.029412,,0.092308,0.093976,0.079772,0.013158,,0.21663
2000-03-31,,0.08642,-0.03139,0.065147,-0.017699,0.061151,-0.069767,-0.042424,,0.038732,0.008811,0.01847,0.073593,,-0.016187
2000-04-28,,-0.075758,-0.087963,-0.039755,-0.024775,-0.020339,-0.065,0.006329,,-0.094915,-0.069869,-0.044041,-0.040323,,-0.031079
2000-05-31,,-0.057377,0.005076,-0.035032,0.039261,0.00346,0.053476,-0.050314,,-0.097378,-0.018779,0.03523,0.058824,,-0.020755
2000-06-30,0.021096,0.056522,-0.020202,0.013201,0.024444,0.1,0.055838,0.145695,0.090909,0.091286,-0.004785,0.044503,0.011905,,-0.040462
2000-07-31,-0.012225,-0.111111,-0.002577,0,-0.019523,0.028213,-0.038462,-0.063584,-0.122024,-0.003802,-0.012019,-0.035088,0.003922,,-0.040161
2000-08-31,0.075908,0.065844,-0.045205,0.009209,-0.01829,0.075956,-0.015932,0.004454,0.016949,0.048757,-0.01658,-0.008802,-0.001887,,0.00472
2000-09-29,-0.046056,-0.049327,-0.06079,-0.030508,-0.066038,-0.051471,-0.050279,-0.044025,-0.126667,-0.093284,0.002571,-0.039683,-0.051383,,-0.111675
2000-10-31,-0.014706,-0.042453,0.009709,0.027972,-0.017677,-0.077519,0.023529,-0.052632,-0.164122,0.041152,-0.035897,0.002755,0.020833,,-0.048571
2000-11-30,-0.085872,-0.073892,-0.067308,-0.061224,-0.059126,-0.113445,0.04023,0.006944,-0.077626,-0.098814,-0.093085,-0.038462,-0.008163,,-0.174174
2000-12-29,0.007782,-0.058511,0.072165,0.022725,0.079235,0.03636,0,0.051807,-0.029703,-0.060667,0.076246,0.037143,0.106996,,0.04
2001-01-31,0.033048,-0.00565,0.051282,0.011631,0.012253,0.054206,0.009503,0.044211,0.232653,0.153052,0.111281,0.00584,-0.024535,,0.093147
2001-02-28,-0.09487,-0.042727,-0.090244,-0.063937,-0.113645,-0.158156,-0.095447,-0.047379,-0.088079,-0.07101,-0.0408,-0.051271,-0.045732,,-0.132549
2001-03-30,-0.071011,-0.02754,-0.104558,-0.060515,-0.083521,-0.085931,-0.063408,-0.121693,-0.111111,-0.018934,-0.06544,-0.106236,-0.102236,,-0.212389
2001-04-30,0.086649,0.095703,0.057485,0.061862,0.093596,0.087558,0.047028,0.13253,0.144608,0.072909,0.048578,0.070284,0.010676,,0.134831
2001-05-31,0.003934,-0.029412,-0.05436,-0.022823,-0.064865,0.033898,-0.077493,0.006383,0.07566,0.08994,-0.056761,-0.039112,-0.014084,,-0.049505
2001-06-29,-0.018735,-0.060606,-0.005988,-0.031961,-0.036609,-0.057377,-0.042269,0.024313,-0.051758,0.029951,-0.059735,-0.032663,-0.039286,,-0.059028
2001-07-31,-0.016012,-0.081134,-0.009639,-0.012698,0.003,-0.012174,0.02514,-0.035088,-0.083275,-0.055786,-0.009882,0.005195,-0.026022,,0.02583
2001-08-31,-0.06118,-0.027659,-0.060888,-0.007267,-0.020289,-0.050616,-0.015041,0.020321,0.015572,-0.026336,0.024857,-0.028734,0.003359,,-0.077122
2001-09-28,-0.084167,-0.080963,-0.184262,-0.077734,-0.138776,-0.098973,-0.149775,-0.175401,-0.165909,-0.197009,-0.126168,-0.135602,-0.076628,,-0.143192
2001-10-31,0.020396,-0.00119,0.057074,0.019286,0.048578,-0.003109,0.035762,0.138781,0.164396,0.053441,0.029946,0.00375,0.015768,,0.046575
2001-11-30,0.07556,-0.001192,0.103422,0.011212,0.023164,0.101871,0.016624,0.060365,0.268331,0.061491,0.075286,0.035492,0.017157,,0.161431
2001-12-31,0.017752,-0.079952,0.040662,0.033264,0.03534,0.00283,0.012579,0.019334,0.089176,0.104272,-0.002414,0.02285,0.007631,,0.030053
2002-01-31,-0.02263,-0.07393,-0.045695,-0.035398,-0.053867,-0.001883,-0.02795,0.014815,0.083569,0.092227,-0.056147,-0.027696,-0.049442,,-0.078045
2002-02-28,-0.015772,0.046218,-0.010409,-0.016232,0.005073,0.009434,0.001917,-0.006257,0.108911,-0.025332,0.011282,0.006061,0.026846,,0.015823
2002-03-28,0.035881,0.089692,0.075736,0.05165,0.051598,0.033645,0.060587,0.038825,0.078477,0.104579,0.033469,0.073494,0.071895,,0.033489
2002-04-30,-0.054776,0.036855,-0.029335,0.006139,-0.005333,0.007233,0.004209,0,-0.017865,-0.028011,0.024534,0.015713,0.023628,,-0.089676
2002-05-31,-0.006982,0.061611,-0.014103,-0.019661,-0.002681,0.01526,-0.008383,0.062626,0.021739,-0.070317,0.003831,-0.01326,0.045421,,0.000828
2002-06-28,-0.080331,-0.059152,-0.009537,-0.038728,-0.016129,-0.061008,-0.005435,-0.04943,-0.049501,-0.095474,-0.071088,-0.025756,-0.0349,,-0.029777
2002-07-31,-0.067689,-0.067616,-0.162999,-0.057554,-0.147541,-0.12806,-0.089253,-0.086,-0.07492,-0.095271,-0.095532,-0.167816,-0.138745,,-0.15942
2002-08-30,0.002879,-0.006361,-0.00986,-0.018321,-0.007692,0.047516,0.002,0.033917,0.039012,0.031061,0.024418,0.018646,-0.01371,,0.008114
2002-09-30,-0.102029,-0.06146,-0.239834,-0.09098,-0.149871,-0.113402,-0.125748,-0.085714,-0.167776,-0.096987,-0.152439,-0.172881,-0.078193,,-0.173038
2002-10-31,0.07724,-0.057299,0.137555,0.04876,0.113982,0.05814,0.061644,0.061343,0.075957,0.048007,0.118378,0.103279,0.027333,,0.147202
2002-11-29,0.062766,0.036179,0.06334,0.044861,0.058663,0.058242,0.104301,0.050164,0.125265,0.056677,0.105263,0.052006,0.057798,,0.186638
2002-12-31,-0.059838,-0.02933,-0.100943,-0.029451,-0.034971,-0.016743,-0.027836,-0.029498,-0.134434,-0.046849,-0.054731,-0.04967,-0.033874,,-0.135626
2003-01-31,-0.024615,-0.025899,-0.002033,-0.03786,-0.035811,0.042373,0.002055,0.039648,-0.039237,-0.04498,0.030491,-0.08327,-0.036904,,-0.00733
2003-02-28,-0.010753,0.01034,-0.072301,-0.047904,-0.048353,0.01626,0.026658,-0.01589,-0.036302,-0.032801,0.007671,-0.07597,-0.056075,,-0.003165
2003-03-31,0.003931,-0.055556,-0.046103,-0.000898,-0.041237,-0.024,-0.07257,0.032293,-0.115951,0.012174,-0.014682,-0.033065,0.00396,,-0.024339
2003-04-30,0.080044,-0.00774,0.247411,0.107914,0.172811,0.07582,0.133525,0.066736,0.1498,0.161512,0.137969,0.15342,0.110454,,0.206074
2003-05-30,0.059947,0.059282,0.058118,0.060877,0.060249,0.095238,0.117163,0.058651,0.071222,0.04142,0.053346,0.057692,0.055062,,0.054856
2003-06-30,0.012544,0.070692,0.063644,0.004591,0.019148,0.026087,-0.014739,0.024931,0.080541,0.026989,0.029006,0.000758,-0.008418,,-0.009378
2003-07-31,0.020349,0.045392,0.040984,-0.010663,0.02,-0.011864,-0.008055,-0.012613,0.085543,0.045643,0.01745,0.055261,0.026316,,0.049053
2003-08-29,0.01825,0.092105,-0.011811,0.00154,0.002377,0.056604,-0.034803,0.035584,0.07788,-0.010582,-0.008795,0.029412,0.01158,,0.025431
2003-09-30,-0.00784,0.055422,-0.007171,0.030746,0.01067,0.007305,0.040865,0.036123,-0.087217,0.030749,-0.005768,-0.023693,0.044971,,0.0336
2003-10-31,0.057207,0.054794,0.114767,0.079046,0.058651,0.06527,0.049654,0.079932,0.133021,0.035668,0.057564,0.062812,0.025039,,0.088235
2003-11-28,0.012909,-0.030303,0.065515,0.023497,0.055402,0.041604,0.080033,-0.000787,-0.021497,0.02129,0.054852,0.043653,0.056489,,0.031294
2003-12-31,0.045468,0.076073,0.107463,0.084071,0.085243,0.049497,0.035448,0.086672,0.067865,0.059935,0.114772,0.076556,0.068876,,0.092828
2004-01-30,0.020473,0.002075,0.015442,-0.005135,0.015694,0.004211,0.029919,-0.007485,0.061502,0.075527,0.021014,0.007335,0.026459,,0.041026
2004-02-27,0.013156,0.005176,-0.013382,0.047742,0.024143,0.026555,0.01034,0.052036,0.039127,0.071856,0.044358,0.023058,0.000661,,0.048645
2004-03-31,-0.014755,0.119464,-0.04069,-0.024015,-0.03819,-0.006807,-0.037037,0.008602,0.020637,0.054342,-0.041115,-0.059312,-0.021136,,-0.022901
2004-04-30,-0.018017,-0.067157,-0.00964,-0.016404,-0.023529,-0.084304,0.010627,-0.075338,-0.083008,-0.093931,-0.024451,-0.001892,0.006073,,-0.003606
2004-05-28,0.013971,-0.014793,0.009734,0.019885,0.036647,0.017216,0.011017,0.014604,-0.038685,0.028708,0.007991,0.024637,0.016767,,0.02111
2004-06-30,0.019232,0.063063,0.037918,0.015723,0.025182,0.057395,0.041605,0.016667,-0.020523,0.007235,0.020541,0.022195,0.003958,,0.038393
2004-07-30,-0.033541,-0.073446,-0.062539,-0.023529,-0.034955,-0.000696,-0.034712,-0.013413,-0.094145,-0.023089,-0.035311,-0.062123,-0.041393,,-0.062571
2004-08-31,0.00237,0.014228,-0.009247,0.011414,0.002937,-0.005571,0.002463,0.022659,0.099848,0.019958,0.014275,0.007717,0.000685,,0.025485
2004-09-30,0.011731,-0.028056,0.051333,0.023824,0.031723,0.082633,0.05258,0.072378,0.030928,0.053038,0.035366,0.021059,0.019863,,0.088757
2004-10-29,0.016594,0.023711,0.045022,0.028781,0.049669,0.064036,0.062091,0.065427,0.0216,0.049389,0.092715,0.053125,0.037609,,0.009239
2004-11-30,0.043858,0.038268,0.078277,0.057143,0.053177,0.049848,0.075165,0.074984,0.1065,0.086673,0.07815,0.060534,0.075081,,0.138934
2004-12-31,0.032075,0.063314,0.059328,0.037992,0.034634,0.012651,0.072927,0.038807,0.038555,0.090772,0.062445,0.044827,0.040719,,-0.002007
2005-01-31,-0.021866,-0.03022,-0.047236,-0.024323,-0.015494,-0.045691,-0.018359,0.007784,0.058803,-0.002782,-0.016147,-0.000543,-0.037209,,-0.050095
2005-02-28,0.021411,0.020774,0.041127,0.052691,0.050191,0.066667,0.028253,0.05407,0.108492,0.070546,0.029082,0.06087,0.062802,,0.057258
2005-03-31,-0.014602,-0.029602,-0.021645,-0.02422,-0.020656,0.014205,-0.001935,-0.043968,-0.073405,-0.101638,-0.035534,-0.035348,-0.041477,,-0.033254
2005-04-29,-0.018434,-0.022879,-0.043142,-0.012135,-0.033499,-0.061064,-0.049632,-0.007075,-0.030494,-0.024036,-0.029591,-0.043548,-0.007113,,-0.013759
2005-05-31,0.03451,-0.012683,0.021387,-0.007817,0.019255,0.027446,-0.008568,-0.005344,0.042477,0.098514,0.002093,0,0.003582,,0.016941
2005-06-30,0.002896,0.001976,0.003961,0.011255,0.009236,0.054007,0.01358,0.055522,-0.004666,0.046772,0.017303,0.037202,-0.011303,,-0.010289
2005-07-29,0.040956,0.010848,0.067644,0.007234,0.049501,0.058402,0.037759,0.018665,0.124688,0.08678,0.043109,0.020878,0.049338,,0.058911
2005-08-31,-0.009091,0.085854,0.019007,0.039779,0.013476,0.061947,0.014867,0.026652,-0.024729,-0.006456,0.010402,0.011012,0.019495,,0.020103
2005-09-30,0.010816,0.095238,0.007254,0.007439,0.015252,0.057353,0.014264,0.060573,0.123932,0.120383,0.050084,0.004668,0.021372,,0.032539
2005-10-31,-0.022425,-0.006563,-0.027778,-0.024262,-0.038906,-0.072786,-0.061193,-0.056094,-0.055767,-0.021062,-0.032326,-0.033041,0.012665,,-0.053706
2005-11-30,0.040067,0.028902,0.02963,0.001622,0.014028,0.0525,0.011336,0.018368,0.095034,0.07889,-0.008762,0.049653,0.027732,,0.007974
2005-12-30,0.00047,0.089718,0.049632,0.033924,0.039588,0.047477,0.044195,0.033239,0.103459,0.045837,0.019633,0.058128,0.027987,,0.075836
2006-01-31,0.024668,0.036982,0.080748,0.060818,0.079677,0.090411,0.05364,0.08453,0.077318,0.087651,0.063865,0.049213,0.058519,,0.057269
2006-02-28,0.006775,-0.015692,0.004556,-0.005581,-0.014973,-0.022613,0.010761,-0.026471,-0.037337,-0.014161,0.033784,0.017824,-0.008317,,-0.00875
2006-03-31,0.015977,0.043478,0.045351,0.028571,0.057184,0.012425,0.024229,0.008056,0.005171,0.001306,0.025141,0.042857,0.03256,,0.082808
2006-04-28,0.010327,0.027778,0.04859,0.063988,0.037316,0.052053,0.053405,0.095904,0.063237,0.056338,0.04806,0.040212,0.063067,,0.057842
2006-05-31,-0.030664,-0.054054,-0.043856,-0.026573,-0.020462,-0.022526,-0.011569,-0.05196,-0.086694,-0.111852,-0.029247,-0.04418,-0.041798,,-0.070459
2006-06-30,0.002237,-0.025714,-0.007356,0.008142,0.009097,-0.022634,0.006885,-0.002404,-0.003974,0.032805,0.01974,0.002222,-0.002345,,-0.001184
2006-07-31,0.001158,-0.005132,-0.001308,0.026128,0.008347,0.001263,0.005812,0.01012,0.000665,0.07214,0.02815,0.028381,0.034791,,-0.011067
2006-08-31,0.024429,0.010317,0.037102,0.021759,0.036093,0.040791,0.041128,0.027672,0.015725,0.038664,0.033333,0.047003,0.029078,,0.035172
2006-09-29,0.023775,-0.0124,0.011364,-0.008156,0.007351,-0.030303,-0.004897,-0.015785,0.008504,0.044477,0.047386,0.033773,0.017219,,0.048649
2006-10-31,0.03253,0.019941,0.047025,0.04614,0.021256,0.0475,0.035105,0.085755,0.021405,0.075446,0.073279,-0.006773,0.023437,,0.062224
2006-11-30,0.020512,0,0.04849,0.028384,0.045356,0.02506,0.058637,0.043531,0.047841,0.038304,0.050861,0.033694,0.038168,,0.042634
2006-12-29,0.013946,0.036166,0.05824,0.028573,0.031035,-0.006421,0.014321,0.024134,0.004717,0.081037,0.016632,0.038604,0.025081,,0.084456
2007-01-31,0.01874,0.007037,0.024535,0.006835,0.003506,0.00079,0.011743,0.017872,-0.042308,0.020488,0.027985,0.009502,0.023695,,0.015799
2007-02-28,-0.016735,0.031447,0.001451,-0.014849,-0.007569,0.005919,-0.016964,0.028428,0.03551,-0.034799,-0.017241,-0.007907,-0.025108,,-0.041476
2007-03-30,0.01005,-0.012873,0.044565,0.036606,0.031974,0.025893,0.022707,0.054878,0.032251,0.076862,0.041921,0.077419,0.025352,,0.067133
2007-04-30,0.042495,-0.019904,0.089143,0.032406,0.075895,0.054302,0.066015,0.043931,0.049239,0.018028,0.004431,0.081014,0.066719,,0.105546
2007-05-31,0.035931,0.022409,0.053185,0.021328,0.028269,0.091766,-0.005832,0.0299,0.094987,0.135887,0.055409,-0.002607,-0.000736,,-0.012675
2007-06-29,-0.019677,-0.006164,0.001811,0.006698,-0.013361,-0.007973,-0.024844,0.02043,0.037866,-0.019249,-0.027922,-0.008494,-0.027246,,-0.01475
2007-07-31,-0.031231,-0.005513,-0.037425,-0.033659,-0.039844,0.001005,-0.036969,-0.015104,0.09403,-0.046391,0.004472,-0.009885,-0.024224,,-0.008594
2007-08-31,0.011631,-0.024948,0.011289,0.002025,-0.007052,0.000335,0.005949,-0.003566,-0.028346,-0.005783,-0.004623,-0.009651,-0.002715,,-0.03255
2007-09-28,0.04075,0.01919,0.072248,0.040016,0.050533,0.094649,0.03016,0.137638,0.061778,0.005817,0.045931,0.076613,0.046286,,0.068898
2007-10-31,0.016036,0.001395,0.049161,0.057909,0.037181,0.102353,0.038462,0.092004,0.098443,0.05256,0.112993,0.021848,0.024164,,-0.025679
2007-11-30,-0.04094,-0.020195,-0.018467,-0.05878,-0.022061,-0.115577,-0.022112,-0.088447,-0.112761,-0.062217,0.002364,-0.054371,-0.0069,,-0.083267
2007-12-31,-0.010705,-0.045601,0.009771,-0.027168,-0.016251,0.018785,-0.026891,-0.048757,-0.019011,-0.01696,-0.044548,0.000964,-0.03999,,-0.036404
2008-01-31,-0.058668,-0.042889,-0.119639,-0.079734,-0.105969,-0.057285,-0.07711,-0.067314,-0.12442,-0.009464,-0.100707,-0.099252,-0.039246,,-0.09375
2008-02-29,-0.028426,-0.014937,-0.007051,-0.011733,-0.002059,0.057133,-0.019079,-0.012649,0.005119,0.001983,0.002795,0.004951,0.018422,,0.040948
2008-03-31,-0.006826,-0.012769,0.017108,-0.015525,0.029767,-0.053108,-0.009054,-0.02939,-0.020197,0.063332,0.069861,0.045723,0.017696,,0.037957
2008-04-30,0.049597,0.073565,0.037131,0.059369,0.043503,0.070934,0.058545,0.078416,0.077612,-0.011337,0.021169,0.036319,-0.001932,,0.043883
2008-05-30,0.017207,0.019578,0.02601,-0.002189,0.028524,0.078558,0.008951,0.053636,-0.01181,0.077871,-0.004467,0.012926,0.003097,,0.019108
2008-06-30,-0.083149,-0.074628,-0.087702,-0.070015,-0.107683,-0.049513,-0.112277,-0.095661,-0.130589,-0.087164,-0.114812,-0.138532,-0.066592,,-0.159654
2008-07-31,-0.00938,-0.03769,-0.008832,-0.041023,-0.020174,-0.054584,-0.03233,-0.060068,-0.020768,-0.049877,-0.013304,-0.03415,-0.005465,,-0.010144
2008-08-29,0.013819,-0.049167,-0.061001,-0.033719,-0.033576,-0.030941,-0.046467,-0.042604,-0.134254,-0.034935,-0.062921,0.006656,-0.032122,,-0.042176
2008-09-30,-0.093304,-0.065732,-0.127737,-0.132813,-0.123238,-0.132982,-0.132501,-0.137699,-0.081812,-0.10611,-0.071343,-0.169008,-0.081659,,-0.159259
2008-10-31,-0.171334,-0.155722,-0.226778,-0.197598,-0.233645,-0.27183,-0.235376,-0.270205,-0.285175,-0.337904,-0.237142,-0.256589,-0.126486,,-0.255507
2008-11-28,-0.083729,-0.037778,-0.102273,-0.064371,-0.056098,-0.107925,-0.057681,-0.088726,-0.157394,-0.048867,-0.033286,-0.077592,-0.093087,,-0.062459
2008-12-31,0.018143,0.114886,0.162943,0.006848,0.10474,0.037818,0.083712,0.090794,0.17673,0.112382,0.148854,0.10727,0.116748,,0.092514
2009-01-30,-0.079394,-0.120042,-0.193548,-0.093878,-0.166746,-0.041882,-0.166565,-0.171306,-0.051484,-0.141927,-0.172086,-0.102547,-0.14617,,-0.15617
2009-02-27,-0.104468,-0.125741,-0.129677,-0.097297,-0.098051,-0.096407,-0.139092,-0.033592,-0.178289,-0.137595,-0.115262,-0.121733,-0.113076,,-0.039604
2009-03-31,0.081844,0.071913,0.109711,0.045908,0.093452,0.090789,0.07483,0.193405,0.305505,0.144054,0.083724,0.059524,0.084758,,0.107851
2009-04-30,0.105434,0.077215,0.154977,0.119275,0.113372,0.138518,0.188291,0.097087,0.202389,0.143485,0.156177,0.111557,0.065003,,0.234073
2009-05-29,0.058774,0.101058,0.118508,0.170503,0.145692,0.232657,0.139814,0.121171,0.055231,0.176056,0.148041,0.148014,0.117756,,0.106148
2009-06-30,0.00079,0.011731,-0.042152,-0.020856,-0.043967,-0.068848,-0.03888,0.02293,-0.030992,0.008407,0.029986,-0.018787,-0.008756,,-0.00548
2009-07-31,0.074625,0.04666,0.120127,0.084784,0.104543,0.129785,0.083744,0.126786,0.196896,0.106891,0.125031,0.139782,0.105025,,0.187841
2009-08-31,0.036934,0.035461,0.038232,0.043266,0.077399,-0.017355,0.085227,0.070787,-0.001201,0.039951,0.055236,0.062536,0.061829,,0.042273
2009-09-30,0.03904,-0.027397,0.061215,0.037458,0.066092,0.071489,0.068586,0.114948,0.139216,0.02946,0.047529,0.082073,0.045236,,0.010467
2009-10-30,-0.022203,-0.039235,-0.053628,-0.00129,-0.056604,-0.063972,-0.059775,-0.029646,-0.094977,-0.001832,-0.030981,-0.031437,-0.015654,,0.013379
2009-11-30,0.059849,0.001047,0.071429,0.050355,0.05551,0.086373,0.028661,0.063839,0.034981,0.098853,0.055074,0.040186,0.033209,,0.031942
2009-12-31,0.02355,0.028031,-0.002051,0.007098,0.004308,0.025497,-0.000571,0.005374,0.076031,0.030778,-0.03691,0.019101,0.009546,,-0.027779
2010-01-29,-0.036209,0.010267,-0.093583,-0.047531,-0.078143,-0.071781,-0.092773,-0.076182,-0.04618,-0.058727,-0.103039,-0.03824,-0.043576,,-0.033192
2010-02-26,0.032662,0.010163,-0.014258,-0.008425,-0.009232,0.060147,-0.040678,0.049289,0.002641,0.057391,-0.060107,-0.030897,0.028182,,0.048416
2010-03-31,0.062973,0.050302,0.090773,0.063399,0.061415,0.07719,0.074205,0.084463,0.097454,0.097245,0.042963,0.069743,0.055276,,0.065911
2010-04-30,0.018261,-0.004789,-0.021948,-0.021512,-0.059856,0.011465,-0.08114,-0.02374,0.037,-0.00712,-0.062027,-0.013235,-0.051082,,0.0449
2010-05-28,-0.079635,-0.084697,-0.104722,-0.109925,-0.127334,-0.072972,-0.147971,-0.142065,-0.151398,-0.077373,-0.152448,-0.123199,-0.106752,,-0.139465
2010-06-30,-0.056473,-0.025366,-0.008085,-0.033835,-0.025167,-0.042779,-0.017189,-0.046088,0.022333,-0.015615,-0.02122,-0.015461,0.037485,,0.024146
2010-07-30,0.069767,0.046739,0.108498,0.145089,0.145194,0.071974,0.181884,0.135406,0.09707,0.064105,0.240025,0.132671,0.061531,,0.142357
2010-08-31,-0.044386,-0.025961,-0.068949,-0.02794,-0.069196,-0.021005,-0.088903,-0.022738,-0.025688,-0.056319,-0.067393,-0.083591,0.016494,,-0.069785
2010-09-30,0.091277,0.053838,0.139306,0.093583,0.150599,0.073946,0.130552,0.127255,0.119272,0.101892,0.104319,0.144144,0.057951,,0.194147
2010-10-29,0.038638,0.013657,0.083182,0.042176,0.05544,0.031841,0.066071,0.03075,0.016826,0.085488,0.056334,0.026083,0.030675,,0.007939
2010-11-30,0.001982,0.02495,-0.054553,-0.052199,-0.111769,0.014089,-0.156337,-0.038823,-0.007722,0.027469,-0.194923,-0.094484,-0.034439,,-0.028425
2010-12-31,0.068142,0.069426,0.062583,0.085494,0.095133,0.067781,0.090443,0.108301,0.136911,0.052843,0.094901,0.119946,0.104359,,0.100811
2011-01-31,0.023189,0.001833,0.051378,0.010938,0.063395,0.009355,0.106838,-0.022406,0.003432,-0.018734,0.13963,0.029398,-0.012759,,0.03202
2011-02-28,0.035255,0.054895,0.032976,0.045558,0.032692,0.076063,0.02096,0.049859,-0.054397,0.005925,0.004299,0.034086,0.037964,,-0.008067
2011-03-31,0.002165,-0.105377,-0.001923,-0.02451,0.00298,-0.001782,0.003782,0.019533,0.108336,0.028305,0.008799,0.026726,-0.015953,,0.025649
2011-04-29,0.029511,0.020843,0.109056,0.067002,0.073524,0.002678,0.084499,0.061983,0.071795,0.02323,0.079679,0.041215,0.101226,,0.089051
2011-05-31,-0.010914,-0.024691,-0.056637,-0.023548,-0.02871,-0.023739,-0.074938,-0.054828,-0.042917,-0.030322,-0.056114,-0.053333,0.018312,,-0.023803
2011-06-30,-0.017681,0.024174,0.015265,-0.029301,0.001765,-0.031136,-0.034118,-0.008783,-0.010349,0.010116,-0.006651,-0.032766,-0.042936,,-0.058565
2011-07-29,-0.02106,0.026846,-0.043511,-0.00393,-0.089725,-0.02305,-0.10335,-0.032246,0.010462,-0.011988,-0.081395,-0.060306,-0.010898,,-0.056639
2011-08-31,-0.058333,-0.080299,-0.186625,-0.076663,-0.102544,-0.033937,-0.138062,-0.03451,-0.136724,-0.049021,-0.071816,-0.088845,-0.06269,,-0.107738
2011-09-30,-0.073051,-0.039594,-0.126673,-0.098291,-0.156333,-0.147206,-0.127112,-0.175842,-0.17866,-0.166723,-0.100195,-0.112134,-0.122011,,-0.140561
2011-10-31,0.10969,-0.006343,0.160372,0.129316,0.128609,0.107885,0.136364,0.18345,0.189607,0.128624,0.090009,0.125686,0.084949,,0.155285
2011-11-30,-0.003602,0.003192,-0.026887,-0.016187,-0.044651,-0.02762,-0.055556,-0.020219,0.011913,-0.004522,-0.066686,-0.049865,-0.048511,,-0.039533
2011-12-30,0.009115,-0.022701,-0.068347,-0.001172,-0.038143,-0.018453,-0.046826,-0.050213,-0.061131,-0.016779,-0.015174,-0.009435,0.012422,,-0.014504
2012-01-31,0.049012,0.04775,0.109782,0.032178,0.062819,0.056767,0.080067,0.092351,0.097589,0.082031,0.022134,0.046431,0.030946,,0.068019
2012-02-29,0.042875,0.046621,0.075949,0.050959,0.06247,0.032373,0.032432,0.014091,0.043672,0.020113,0.007757,0.039933,0.044168,0.133563,0.095344
2012-03-30,0.031516,0.018519,0.014379,-0.01312,-0.001809,-0.023432,-0.02169,-0.010105,-0.005429,0.053589,-0.060295,0.0128,0.027926,-0.029034,-0.013601
2012-04-30,-0.005644,-0.042752,-0.031787,0.014451,-0.061169,0.000706,-0.082569,0.014037,-0.005039,-0.010877,-0.111263,-0.041917,-0.00839,-0.027121,-0.02344
2012-05-31,-0.061016,-0.087269,-0.135315,-0.11396,-0.104247,-0.107193,-0.156667,-0.129195,-0.111749,-0.119017,-0.179724,-0.109597,-0.103546,-0.150822,-0.13378
2012-06-29,0.038228,0.068382,0.04574,0.072544,0.082707,0.029063,0.142772,0.074451,0.041619,0.138396,0.192645,0.078356,0.05813,0.078105,0.086549
2012-07-31,0.010105,-0.044633,0.020707,0.008594,-0.004086,0.017415,-0.068081,0.06087,0.014231,0.011229,-0.07621,0.024245,0.01615,0.023628,0.057864
2012-08-31,0.024615,0.007787,0.049975,0.032867,0.056923,0.046025,0.112903,0.012511,0.012592,-0.01223,0.139677,0.040595,0.021048,0.071987,-0.001101
2012-09-28,0.026243,0.012141,0.063619,0.025109,0.017952,0.036,0.025575,0.013634,0.050453,0.065331,0.060513,0.016483,0.034497,0.029927,0.038589
2012-10-31,-0.01774,-0.012541,0.016393,0.004823,0.029075,0,0.036575,0.033207,-0.026213,0.002141,0.024558,0.032432,0.0244,-0.000709,-0.020524
2012-11-30,0.008838,0.029818,0.025283,0.011442,0.038907,-0.013338,0.022454,0.015867,0.035776,0.0264,0.019387,0.03089,0.038904,0.001418,0.033598
2012-12-31,0.011799,0.056408,0.05017,0.029025,0.056774,0.023719,0.059742,0.042669,0.068353,0.051204,0.07151,0.043468,0.024073,0.034988,0.055575
2013-01-31,0.053696,0.022564,0.040891,0.029543,0.031369,0.016549,0.055762,0.038982,-0.059698,0.043811,0.037343,0.059483,0.070896,0.050859,0.061589
2013-02-28,0.010552,0.024072,-0.040451,-0.027071,-0.035347,-0.022515,-0.123944,0.029096,0.035588,-0.031242,-0.047467,-0.068109,0.002091,-0.022564,0.008734
2013-03-28,0.039409,0.057786,-0.008107,0.016695,-0.011078,0.010276,-0.051447,0.005952,-0.036635,0.04585,-0.053512,0.01679,0.020862,-0.016059,0.005257
2013-04-30,0.019035,0.083333,0.040866,0.028462,0.056872,-0.017187,0.114407,0.039201,-0.016995,-0.030031,0.10212,0.033997,0.038828,0.011221,0.019686
2013-05-31,0.017441,-0.073504,0.026698,-0.001064,0.01916,-0.01035,0.012167,-0.131317,-0.013352,-0.055425,-0.03142,0.026303,-0.025246,-0.003026,-0.012066
2013-06-28,-0.005419,0.039414,-0.038818,-0.045189,-0.044829,-0.046032,-0.09426,-0.052775,-0.07703,-0.038545,-0.066338,-0.03409,-0.016006,-0.067256,-0.058619
2013-07-31,0.048612,0.000446,0.065587,0.063703,0.092235,0.056597,0.100762,0.030115,0.049436,0.012598,0.12965,0.100481,0.041885,0.089729,0.110366
2013-08-30,-0.027698,-0.031626,-0.025076,-0.007187,-0.020817,-0.008686,0.003077,0.009458,0.025076,-0.06811,-0.025575,-0.016164,-0.01675,-0.04117,-0.034743
2013-09-30,0.0362,0.096596,0.083788,0.052011,0.078219,0.033589,0.082822,0.076235,0.074611,0.037681,0.140092,0.056838,0.065758,0.034422,0.071987
2013-10-31,0.043538,-0.001258,0.055016,0.037207,0.03776,0.036913,0.109419,0.055402,0.039024,0.024104,0.08518,0.051265,0.029572,0.070154,-0.001752
2013-11-29,0.027272,0.01302,0.041922,0.007862,0.001255,-0.009027,-0.021385,-0.049119,0.017684,0.027357,-0.001591,0.009988,0.002329,-0.015227,0.006142
2013-12-31,0.026976,0.013825,0.038927,0.029598,0.022984,0.015738,0.023242,-0.015376,0.008274,0.024591,0.039825,0.029387,0.021995,0.010559,0.048019
2014-01-31,-0.032374,-0.066645,-0.060768,-0.046456,-0.055185,-0.042181,-0.003207,-0.054575,-0.087057,-0.075147,-0.01789,-0.06209,-0.030009,-0.05241,-0.047725
2014-02-28,0.048082,0.024713,0.063024,0.067805,0.080729,0.044755,0.068211,0.082899,0.034553,-0.040865,0.047782,0.056743,0.069375,0.070843,0.069461
2014-03-31,0.005465,-0.024117,-0.011353,-0.031515,0.005164,0.01268,0.066867,0.036874,0.00704,0.060179,0.027967,0.016342,0.003507,0.00271,0.003563
2014-04-30,0.004581,-0.022065,0.010526,0.045168,0.028767,0.033503,0.018634,0.02242,0.016908,-0.001095,0.028677,-0.01608,0.020093,0.047059,0.006827
2014-05-30,0.022708,0.045126,0.01452,0.009758,0.005326,0.005239,-0.019956,0.004159,0.033253,0.036631,0.019776,0.00856,0.006566,0.02976,0.003255
2014-06-30,0.022947,0.046846,-0.007118,0.007781,-0.014485,0.056828,-0.003072,-0.001409,0.006034,0.027335,0.014068,0.005742,-0.00431,-0.003484,-0.018943
2014-07-31,-0.016124,-0.003322,-0.068095,-0.023946,-0.065866,-0.001552,-0.059839,0.017604,0.01661,0.008553,-0.044605,-0.058203,-0.044289,-0.053175,-0.033163
2014-08-29,0.040709,-0.016667,-0.00789,0.007851,0.012486,0.021766,-0.022644,0.021437,0.004539,0.049569,-0.009533,0.020324,0.025305,0.026958,-0.001906
2014-09-30,-0.017147,-0.002542,-0.042185,0,-0.036997,-0.066038,-0.017533,-0.118557,-0.088705,-0.042491,-0.03998,-0.018699,-0.033304,-0.057813,-0.028051
2014-10-31,0.023937,0.024639,-0.016968,-0.019092,-0.037665,-0.02509,-0.050351,0.062239,-0.031069,-0.004074,-0.027764,-0.015737,-0.004306,-0.091211,-0.005138
2014-11-28,0.027111,-0.036484,0.05729,0.001052,0.029746,0.000668,-0.001342,-0.070783,-0.029848,-0.045581,0.020888,0.048396,0.025332,-0.087226,0.01853
2014-12-31,-0.002836,-0.026995,-0.047933,-0.034149,-0.054782,-0.023222,-0.07959,-0.032275,-0.016291,-0.083089,-0.075853,-0.037108,-0.045194,-0.061541,-0.048581
2015-01-30,-0.026869,0.022242,0.023349,0.000555,0.01217,-0.083853,0.008088,-0.011276,0.006511,-0.052871,-0.057753,0.003556,0.001893,-0.003648,0.024313
2015-02-27,0.056567,0.074848,0.058824,0.058758,0.062124,0.059758,0.085339,0.080292,0.01761,0.0704,0.071713,0.066694,0.049449,0.038122,0.070284
2015-03-31,-0.012974,0.014575,0.004714,-0.057068,-0.019623,-0.029979,-0.005376,-0.034628,0.010772,-0.037369,-0.005433,-0.012114,-0.003301,-0.058921,-0.035714
2015-04-30,0.008114,0.026337,-0.007373,0.06663,0.04542,0.071376,0.031757,0.020122,0.068658,0.011387,0.032777,0.032832,0.040048,0.128748,0.016129
2015-05-29,0.012715,0.014775,-0.017218,0.006247,-0.008468,-0.046016,0.018991,-0.033448,-0.055092,-0.001877,-0.030624,0.017618,0.024899,-0.039453,-0.001764
2015-06-30,-0.018897,-0.013357,-0.024863,-0.037939,-0.027604,-0.032308,-0.025328,-0.0435,-0.04654,-0.016817,-0.020224,-0.021301,-0.052223,-0.034888,-0.030142
2015-07-31,0.019527,0.009368,0.016141,0.01589,0.040808,-0.041995,0.039624,-0.005231,-0.071312,-0.013483,0.021162,0.03153,0.041221,-0.026587,0.008499
2015-08-31,-0.060223,-0.062645,-0.070244,-0.079827,-0.065721,-0.050098,-0.043928,-0.108509,-0.06526,-0.061945,-0.06509,-0.076604,-0.066862,-0.080617,-0.053215
2015-09-30,-0.028027,-0.056931,-0.060744,-0.039273,-0.03797,-0.052328,-0.032432,-0.039142,0.019649,-0.024409,-0.073993,-0.043727,-0.038655,-0.066699,-0.04302
2015-10-30,0.081084,0.077865,0.095796,0.065894,0.071458,0.034783,0.034218,0.055804,0.114801,0.061288,0.060351,0.068376,0.038575,0.056063,0.038581
2015-11-30,0.004061,0.00487,0.005164,-0.0166,-0.023265,-0.022269,-0.028359,0.008985,-0.028687,-0.020651,-0.031797,-0.0108,-0.027699,0.001458,0.00398
2015-12-31,-0.019132,-0.013916,-0.038899,-0.042137,-0.03541,-0.063614,-0.042272,0.019873,-0.036878,-0.056208,-0.054421,-0.03015,0.004856,-0.072318,-0.035164
2016-01-29,-0.054364,-0.051155,-0.071019,-0.048327,-0.038001,-0.027442,-0.121543,-0.06962,-0.038856,-0.028898,-0.067563,-0.019715,-0.060567,-0.044156,-0.062029
2016-02-29,0,-0.053043,-0.039868,-0.03125,-0.025333,0.034433,-0.065452,-0.020408,-0.024089,0.00186,-0.050076,-0.026958,-0.028464,0.014108,0.002558
2016-03-31,0.069868,0.04775,0.101455,0.053763,0.065198,0.096163,0.08156,0.118055,0.13372,0.107673,0.085463,0.081794,0.049418,0.070376,0.073251
2016-04-29,0.00526,0.000876,0.019433,0.040179,0.023573,0.071278,0.041803,0.031574,-0.010791,0.006331,0.061074,0.004878,0.0296,0.086137,0.026486
2016-05-31,0.016657,0.032399,-0.011437,-0.011649,-0.00202,-0.03622,-0.04406,-0.024084,-0.047656,-0.07698,-0.031207,0.007686,-0.002287,-0.027217,-0.022494
2016-06-30,0.002659,-0.01681,-0.048869,-0.021865,-0.049225,0.009222,-0.079817,0.014186,0.046423,0.021434,-0.086221,-0.056764,-0.003192,-0.002563,-0.036574
2016-07-29,0.037742,0.048696,0.066528,0.014964,0.047223,0.029784,0.031336,0.074036,0.068946,-0.013699,0.051241,0.040173,0.018887,-0.005923,0.024863
2016-08-31,0.001077,0.018242,0.021832,0.010897,-0.00334,0.002773,0.008937,-0.032073,0.012397,0.015902,0.009139,0.031561,-0.000993,0.007845,0.018908
2016-09-30,0.001099,0.021173,0.002289,0.004439,0.012149,0.015014,-0.023915,0.03363,0.031588,-0.039429,0.012075,0.008857,0.01226,0.060696,0.017857
2016-10-31,-0.019841,0.007177,-0.013704,-0.05303,-0.004553,-0.013235,0.023593,-0.029665,-0.047824,0.048474,0.02349,-0.023144,-0.050409,-0.00836,-0.052632
2016-11-30,0.0404,-0.01247,-0.041683,0.002,-0.024948,0.026035,-0.035904,0.00789,-0.03776,-0.132009,-0.08306,-0.038807,-0.022751,-0.000937,-0.001816
2016-12-30,0.018713,-0.00895,0.066816,0.034995,0.055756,0.015486,0.123268,0.016125,0.011367,0.001104,0.080313,0.039487,0.039795,0.030238,0.045284
2017-01-31,0.019283,0.034998,0.038897,0.024764,0.013782,0.039388,-0.019413,0.049926,0.087561,0.019104,0.03659,0.024431,0.043109,0.05527,0.061608
2017-02-28,0.038152,0.013051,0.000364,0.014626,-0.003998,-0.018028,-0.003791,0.033428,0.011748,0.028342,-0.00655,0.028699,0.010088,-0.020915,-0.00623
2017-03-31,0.000846,0.00527,0.044695,0.020056,0.064231,0.007119,0.088372,0.030068,0.056523,0.11046,0.113919,0.053438,0.030283,-0.023142,0.04157
2017-04-28,0.010362,0.00699,0.032348,0.016897,0.05696,-0.023065,0.027584,-0.006634,0.003717,0.01153,0.049655,0.04737,0.0394,0.005923,0.048781
2017-05-31,0.01282,0.027574,0.045148,0.045619,0.048894,-0.003808,0.053686,-0.043188,0.090499,-0.002705,0.045426,0.048789,0.050842,0.026268,0.02839
2017-06-30,0.007148,0.013291,-0.004992,-0.015597,-0.004511,0.031164,0.015343,0.030706,0.001329,0.056247,-0.006556,-0.005676,0.003099,-0.004562,0.018393
2017-07-31,0.018998,0.02069,0.014536,0.023702,0.023644,0.042601,0.070504,0.047048,0.027872,0.043752,0.039281,0.062565,0.004663,0.113373,0.006781
2017-08-31,0.003207,-0.000913,0.001628,-0.008206,0.008832,-0.001075,0.017809,-0.002203,-0.017647,0.00302,-0.012306,-0.003253,-0.004642,0.019911,0.016691
2017-09-29,0.020576,0.018278,0.054291,0.029846,0.040404,0.038393,0.035325,-0.009271,0.008617,-0.032938,0.00089,0.024478,0.020985,0.037849,0.03341
2017-10-31,0.023091,0.052773,0.019735,0.006026,0.015858,-0.005183,-0.012755,0.011586,0.082537,-0.078374,0.002964,0.009876,-0.014273,0.001152,-0.008361
2017-11-30,0.030187,0.021483,0.005141,-0.001141,-0.000956,0.00521,0.001615,0.003084,0.005217,-0.002782,-0.00591,-0.005363,0.013032,-0.038344,-0.036537
2017-12-29,0.012361,0.007001,-0.004079,0.041723,-0.001438,0.036929,-0.012928,0.042114,0.026031,-0.007797,-0.008607,0.012053,0.017153,0.035987,-0.001204
2018-01-31,0.054101,0.050225,0.060266,0.037409,0.067585,0.008097,0.109724,0.025896,0.044175,0.0775,0.086665,0.057989,0.044688,0.059421,0.062537
2018-02-28,-0.037025,-0.029711,-0.073693,-0.067008,-0.051005,-0.069946,-0.061279,-0.039966,-0.078604,-0.060252,-0.077506,-0.052428,-0.060533,-0.019393,-0.058301
2018-03-29,-0.022274,-0.006386,-0.012026,0.002308,-0.007272,-0.008276,0.013876,-0.035057,0.046608,0.032258,-0.01035,0.00503,-0.01575,0.011567,-0.012972
2018-04-30,0.002588,-0.000659,0.013109,0.043165,0.040764,0.020682,0.044168,0.00772,0.001988,0.001553,0.02307,0.005005,-0.009601,0.033567,-0.018817
2018-05-31,0.02574,-0.014842,-0.025262,-0.006069,-0.026316,0.021685,-0.097706,0.017125,-0.045767,-0.134108,-0.082682,-0.024276,-0.02262,-0.003926,-0.013394
2018-06-29,0.00629,-0.022926,-0.028962,-0.011772,-0.020542,-0.000196,-0.019003,0.020898,-0.061408,0.067903,0.010144,-0.010806,0.003523,0.005687,-0.014068
2018-07-31,0.034346,0.010706,0.044363,0.009488,0.039318,0.024553,0.033922,0.013711,-0.006646,0.102673,0.040198,0.039659,0.065071,0.019065,0.059653
2018-08-31,0.033925,-0.005296,-0.034494,-0.043862,-0.022068,-0.014036,-0.092735,-0.018761,0.000892,-0.031551,-0.0586,-0.021438,0.002017,-0.018252,-0.014228
2018-09-28,0.003828,0.034524,-0.016209,0.016384,0.011928,-0.000694,0.020664,-0.016452,0.014112,0.01768,-0.003701,-0.027384,-0.002301,0.05927,0.029809
2018-10-31,-0.070929,-0.08949,-0.083726,-0.067702,-0.094935,-0.078874,-0.09436,-0.068716,-0.146477,-0.178606,-0.064843,-0.079828,-0.045835,-0.089913,-0.105423
2018-11-30,0.019236,0.009117,-0.015046,-0.011946,-0.011616,0.004904,0.013573,0.009709,0.040329,-0.041587,0.029252,0.023398,0.003323,-0.052275,-0.006812
2018-12-31,-0.088997,-0.076699,-0.055514,-0.045904,-0.051191,-0.085233,-0.034054,-0.038709,-0.016003,0.030295,-0.040716,-0.070376,-0.050888,-0.079413,-0.030974
2019-01-31,0.082126,0.070823,0.056805,0.072913,0.061463,0.128965,0.080958,0.06961,0.099558,0.092763,0.068606,0.077186,0.057107,0.079809,0.055949
2019-02-28,0.034049,0.001474,0.019037,0.034297,0.042629,0.029575,0.037447,0.033511,-0.02704,-0.032,0.014655,0.046241,0.037515,0.015867,0.011402
2019-03-29,0.017704,0.006623,-0.013919,0.013509,0.004089,-0.00754,0.023573,0.011278,-0.032079,0.000689,-0.016162,0.008435,0.023141,-0.008304,0.001989
2019-04-30,0.039349,0.012792,0.069837,0.02272,0.048185,0.032923,0.017992,0.011617,0.008696,0.058729,0.047885,0.061894,0.023466,0.023126,0.06585
2019-05-31,-0.063303,-0.048719,-0.065278,-0.061315,-0.061185,-0.042732,-0.083068,0.001378,-0.096129,-0.069989,-0.061374,-0.065848,-0.00663,-0.057677,-0.09407
2019-06-28,0.068651,0.044524,0.069394,0.045454,0.082086,0.05646,0.097456,0.054261,0.07738,0.03127,0.041454,0.064865,0.065347,0.035535,0.089409
2019-07-31,0.01634,-0.004214,-0.04385,-0.024134,-0.028059,-0.008036,-0.018875,-0.005768,-0.074662,-0.04864,-0.050847,-0.000324,-0.010383,-0.044709,-0.052853
2019-08-30,-0.018676,-0.007912,-0.021253,-0.038047,-0.010071,-0.007045,-0.00444,-0.032575,-0.038628,0.005815,-0.026239,-0.00746,0.008071,-0.032997,-0.030469
2019-09-30,0.017874,0.0523,0.025143,0.035926,0.022041,0.025186,0.024526,0.026291,0.05783,0.02915,0.041916,0.024837,0.006138,0.033461,0.039901
2019-10-31,0.020968,0.034191,0.060944,0.034998,0.036165,-0.004152,0.047153,0.012584,0.045971,0.037219,0.027299,0.01977,0.023342,0.001177,0.070289
2019-11-29,0.038097,0.012781,0.01366,0.012296,0.013769,0.029534,0.000693,0.013316,-0.007806,-0.017829,-0.008042,0.019387,0.008294,0.003493,0.006345
2019-12-31,0.027901,0.008851,0.015895,0.053713,0.035346,0.022069,0.028164,0.011661,0.085986,0.044669,0.043288,0.042901,0.04473,0.081604,0.050305
2020-01-31,0.001233,-0.025152,-0.029592,-0.042815,-0.040049,-0.00736,-0.024407,-0.016784,-0.073002,0.018432,-0.031466,-0.034554,0.002461,-0.07194,-0.027052
2020-02-28,-0.080665,-0.082944,-0.080967,-0.102328,-0.078662,-0.070104,-0.053509,-0.096137,-0.046661,-0.092455,-0.061407,-0.068828,-0.070201,-0.099786,-0.050922
2020-03-31,-0.133692,-0.067409,-0.180778,-0.184983,-0.189768,-0.208046,-0.237518,-0.227634,-0.146288,-0.318837,-0.227083,-0.146189,-0.066526,-0.252735,-0.157669
2020-04-30,0.131986,0.047985,0.097765,0.05737,0.044369,0.111213,0.018296,0.096525,0.100171,0.032452,0.022146,0.095037,0.042986,0.119618,0.072294
2020-05-29,0.051557,0.070518,0.093724,0.01901,0.059232,0.03542,0.061939,0.059859,0.037582,0.089511,0.045739,0.07941,0.038774,0.081637,0.100219
2020-06-30,0.022616,-0.000872,0.062032,0.016507,0.064296,0.039705,0.083266,0.082743,0.066654,0.003578,0.043911,0.070996,0.033248,0.013101,0.032312
2020-07-31,0.059355,-0.010743,0.042051,0.006599,0.019329,0.055255,0.026993,0.033212,0.054787,0.020389,0.008014,0.038215,0.040298,0.08005,0.089797
2020-08-31,0.073019,0.067918,0.065487,0.027381,0.046869,0.051263,0.040841,0.044199,0.046631,0.011682,0.022527,0.040636,0.029608,0.08439,0.054046
2020-09-30,-0.037073,0.018097,-0.032226,-0.043168,-0.045113,-0.04528,-0.052836,-0.051467,0.035992,0.013674,-0.060043,-0.014431,-0.015816,-0.071525,-0.010647
2020-10-30,-0.022976,-0.014051,-0.097837,-0.045116,-0.045455,-0.034294,-0.064397,0.002536,-0.006734,0.023981,-0.034467,-0.024979,-0.052106,-0.07219,-0.043331
2020-11-30,0.116926,0.105597,0.162861,0.161052,0.218223,0.143937,0.252082,0.149216,0.177504,0.187646,0.274155,0.14576,0.092474,0.222977,0.151865
2020-12-31,0.041129,0.053242,0.052255,0.048193,0.028723,0.03122,0.039127,0.06296,0.134262,0.07175,0.02798,0.065801,0.051084,0.084472,0.030446
2021-01-29,-0.007883,-0.008437,-0.009758,-0.00239,-0.026158,-0.007782,-0.037024,-0.008351,0.023823,-0.065131,-0.037722,0.023706,-0.014548,-0.002571,0.022362
2021-02-26,0.028929,0.018361,0.017482,0.039357,0.045693,0.051307,0.055379,0.032,-0.001476,0.011694,0.038816,0.04017,-0.018169,0.040938,0.032686
2021-03-31,0.038367,0.004397,0.044674,0.030952,0.028344,0.05844,0.053142,0.011424,0.019666,0.077964,0.013318,0.048387,0.022669,0.063923,0.060447
2021-04-30,0.053389,-0.016054,0.035287,0.038965,0.061728,0.045815,0.003174,0.043969,0.009588,0.037189,0.05586,0.041603,0.047048,0.03523,0.041741
2021-05-28,0.004581,0.017206,0.033507,0.038734,0.054083,0.063465,0.060107,0.03323,0.016232,0.058293,0.062932,0.029748,0.052711,0.02957,0.044162
2021-06-30,0.024341,-0.007803,-0.016116,-0.015496,-0.017842,-0.009688,-0.02119,-0.014343,0.012496,0.00555,-0.06152,-0.014566,0.016722,-0.025818,-0.019511
2021-07-30,0.020943,-0.006367,-0.002312,0.002752,0.012946,0.00161,0.003087,-0.008083,-0.047542,0.021463,-0.022519,0.031166,0.033107,-0.012326,0.043319
2021-08-31,0.028606,0.019222,0.012457,0.006709,0.008607,0.000268,0.014158,0.005821,-0.023211,0.042636,0.011879,0.059848,0.011943,0.027113,-0.010328
2021-09-30,-0.045919,0.027047,-0.058083,-0.023023,-0.036979,-0.027852,-0.039454,-0.042438,-0.069558,-0.055762,-0.040555,-0.069877,-0.083792,0.00278,-0.06387
2021-10-29,0.068967,-0.026334,0.02582,0.044341,0.055585,0.079339,0.05782,0.066076,-0.014505,0.001865,0.048202,0.057868,0.069772,0.072419,0.068227
2021-11-30,-0.012694,-0.030263,-0.05804,-0.048694,-0.038667,-0.045942,-0.060335,-0.075586,-0.047301,-0.062875,-0.102229,-0.056238,-0.009031,-0.088207,-0.059487
2021-12-31,0.039632,0.022888,0.039392,0.061663,0.056288,0.040878,0.057273,0.051345,0.050423,0.131266,0.052217,0.025029,0.067841,0.040886,0.059419
2022-01-31,-0.05631,-0.043011,-0.02349,0.022631,-0.025463,-0.006245,-0.011582,-0.080145,-0.070374,-0.040514,0.004187,-0.076065,-0.064479,-0.022314,-0.088927
2022-02-28,-0.02741,-0.01779,-0.091534,-0.011803,-0.067564,0.000786,-0.067222,0.052977,0.000276,0.036869,-0.030326,-0.07694,-0.028178,0.021419,-0.104004
2022-03-31,0.033536,-0.021131,-0.023728,0.004479,0,0.052067,-0.023802,0.098961,-0.016296,0.091975,-0.004691,-0.011674,0.024197,0.045376,0.027234
2022-04-29,-0.088615,-0.080993,-0.083832,-0.039834,-0.067365,-0.078587,-0.071114,-0.069996,-0.064439,-0.100782,-0.034957,-0.092133,-0.05499,-0.077935,-0.075676
2022-05-31,-0.002282,0.017308,0.05075,0.026935,0.040971,0.021053,0.051039,0.004068,0.021008,0.053409,0.068376,0.027583,-0.018319,0.035307,0.01643
2022-06-30,-0.083581,-0.073335,-0.129094,-0.079278,-0.097425,-0.102407,-0.136449,-0.110074,-0.144768,-0.090773,-0.097437,-0.099722,-0.069433,-0.122738,-0.138561
2022-07-29,0.092703,0.062843,0.024772,0.031709,0.065312,0.048397,0.023256,0.071631,0.040557,0.004507,-0.016295,0.085282,0.047195,0.088378,0.116913
2022-08-31,-0.038367,-0.045592,-0.073791,-0.064704,-0.072881,-0.045879,-0.060877,-0.0365,-0.0436,-0.054487,-0.051003,-0.099606,-0.066222,-0.044494,-0.115554
2022-09-30,-0.091663,-0.088449,-0.096154,-0.093393,-0.095816,-0.086969,-0.070873,-0.104518,-0.182179,-0.000452,-0.089573,-0.107706,-0.077813,-0.19286,-0.094082
2022-10-31,0.079005,0.023337,0.10537,0.069821,0.107836,0.073797,0.12,0.056065,0.093961,0.143342,0.105954,0.071312,0.044326,0.113462,0.081101
2022-11-30,0.053494,0.116223,0.163611,0.124465,0.137757,0.065395,0.155316,0.14334,0.171588,0.065849,0.118157,0.190229,0.09665,0.102332,0.136796
2022-12-30,-0.057343,-0.022146,-0.025654,-0.012673,-0.015895,-0.055939,-0.016681,-0.043472,-0.058033,-0.063181,0.001662,-0.038313,-0.022383,-0.02622,-0.028727
2023-01-31,0.066407,0.0777,0.133846,0.062296,0.115942,0.094714,0.123608,0.118309,0.123761,0.165824,0.112903,0.13319,0.07918,-0.001189,0.081039
2023-02-28,-0.023831,-0.046531,-0.026748,-0.008904,-0.011905,-0.049679,-0.008589,-0.079646,-0.078305,-0.000173,0.01858,-0.033175,-0.041547,-0.00737,0.010587
2023-03-31,0.031511,0.04916,0.042873,-0.00062,0.035049,0.003818,0.013995,0.002622,0.046496,0.03279,0.016782,0.034314,0.044962,-0.044908,0.006229
2023-04-28,0.012254,0.002556,0.03338,0.051767,0.046825,0.029842,0.040421,0.008718,-0.008984,0.022678,0.025117,0.002844,0.061121,0.012298,0.046989
2023-05-31,0.004693,0.008498,-0.048623,-0.059829,-0.064948,-0.055114,-0.062539,-0.054883,0.034778,-0.016919,-0.054253,-0.010633,-0.037846,-0.070422,-0.07713
2023-06-30,0.066852,0.050398,0.048202,0.033617,0.063442,0.062418,0.097183,0.05015,0.009557,0.04659,0.082621,0.044855,0.020779,0.04714,0.03145
2023-07-31,0.034586,0.024556,0.026251,0.029366,0.016091,0.031152,0.052466,0.03592,0.066109,0.045835,0.015225,0.032348,0.032461,0.084052,0.009599
2023-08-31,-0.017369,-0.028067,-0.047749,-0.039039,-0.038059,-0.038526,-0.041791,-0.04923,-0.075773,-0.051822,-0.029312,-0.076768,-0.033117,-0.042078,-0.068233
2023-09-29,-0.047919,-0.021901,-0.061605,-0.01125,-0.054965,-0.035457,-0.052336,-0.031517,-0.056205,-0.055628,-0.03441,-0.078303,-0.055495,0.018301,-0.010504
2023-10-31,-0.023839,-0.02206,-0.038931,-0.03603,-0.032031,-0.051405,-0.017094,-0.035797,-0.067696,-0.058904,-0.026909,-0.014992,-0.03787,-0.045785,-0.045799
2023-11-30,0.093323,0.061906,0.128276,0.061967,0.090566,0.102079,0.10301,0.082449,0.147225,0.154015,0.140508,0.126302,0.083492,0.043901,0.144628
2023-12-29,0.049964,0.038406,0.045108,0.043441,0.049548,0.062489,0.041513,0.105938,0.065689,0.08914,0.018833,0.065928,0.062748,0.064723,0.122555
