Date,USA,Japan,Germany,UK,France,Canada,Italy,Australia,Korea,Mexico,Spain,Netherlands,Switzerland,Norway,Sweden
1950-01-01,14416.3,,,,,,,,,,,,,,
1950-04-01,14590.3,,,,,,,,,,,,,,
1950-07-01,14968.8,,,,,,,,,,,,,,
1950-10-01,16182.0,,,,,,,,,,,,,,
1951-01-01,16990.8,,,,,,,,,,,,,,
1951-04-01,18662.8,,,,,,,,,,,,,,
1951-07-01,19121.3,,,,,,,,,,,,,,
1951-10-01,18941.8,,,,,,,,,,,,,,
1952-01-01,19950.0,,,,,,,,,,,,,,
1952-04-01,17757.0,,,,,,,,,,,,,,
1952-07-01,16354.5,,,,,,,,,,,,,,
1952-10-01,16466.5,,,,,,,,,,,,,,
1953-01-01,16188.0,,,,,,,,,,,,,,
1953-04-01,16289.0,,,,,,,,,,,,,,
1953-07-01,16941.8,,,,,,,,,,,,,,
1953-10-01,16383.5,,,,,,,,,,,,,,
1954-01-01,15648.8,,,,,,,,,,,,,,
1954-04-01,17897.0,,,,,,,,,,,,,,
1954-07-01,17322.0,,,,,,,,,,,,,,
1954-10-01,18119.8,,,,,,,,,,,,,,
1955-01-01,18793.0,,,15230.0,,,,,,,,,,,
1955-04-01,18354.8,,,13805.0,,,,,,,,,,,
1955-07-01,19559.5,,,15107.0,,,,,,,,,,,
1955-10-01,19647.5,,,15095.0,,,,,,,,,,,
1956-01-01,20580.3,,,15200.0,,,,,,,,,,,
1956-04-01,21966.8,,,15572.0,,,,,,,,,,,
1956-07-01,22698.0,,,15304.0,,,,,,,,,,,
1956-10-01,23715.0,,,15606.0,,,,,,,,,,,
1957-01-01,25260.3,,,16005.0,,,,,,,,,,,
1957-04-01,24512.0,,,15776.0,,,,,,,,,,,
1957-07-01,23826.8,,,15747.0,,,,,,,,,,,
1957-10-01,23116.8,,,15520.0,,,,,,,,,,,
1958-01-01,20825.5,,,15657.0,,,,,,,,,,,
1958-04-01,20923.0,,,14800.0,,,,,,,,,,,
1958-07-01,20984.0,,,15924.0,,,,,,,,,,,
1958-10-01,20908.5,,,15556.0,,,,,,,,,,,
1959-01-01,22424.3,,,15185.0,,,,,,,,,,,
1959-04-01,22245.3,,,15614.0,,,,,,,,,,,
1959-07-01,24390.5,,,16092.0,,,,6562.0,,,,,,,
1959-10-01,23183.5,,,16517.0,,,,8504.0,,,,,,,
1960-01-01,26171.5,,,16794.0,,,,7301.0,36300.0,,,,,,
1960-04-01,26922.3,,,16459.0,,,,6827.0,44600.0,,,,,,
1960-07-01,27509.0,,,16677.0,,,,6469.0,44600.0,,,,,,
1960-10-01,27655.5,,,16885.0,,,,7049.0,49800.0,,,,,,
1961-01-01,27465.3,,,17424.0,,11665.5,,7901.0,52800.0,,,,,,
1961-04-01,26187.0,,,16957.0,,11536.8,,9231.0,56600.0,,,,,,
1961-07-01,27370.5,,,17112.0,,11898.3,,8036.0,68200.0,,,,,,
1961-10-01,27816.8,,,17139.0,,12150.8,,9175.0,59900.0,,,,,,
1962-01-01,27653.3,,,17029.0,,12266.5,,8730.0,64100.0,,,,,,
1962-04-01,29242.5,,,17531.0,,12308.5,,8860.0,69800.0,,,,,,
1962-07-01,29191.3,,,17418.0,,12108.8,,7607.0,62400.0,,,,,,
1962-10-01,28247.0,,,17528.0,,12758.3,,8986.0,78500.0,,,,,,
1963-01-01,28676.0,,,17806.0,,12867.5,,8748.0,82000.0,,,,,,
1963-04-01,30968.3,,,18038.0,,13156.8,,8686.0,73900.0,,,,,,
1963-07-01,30813.3,,,18171.0,,13247.5,,9340.0,90300.0,,,,,,
1963-10-01,32017.5,,,18513.0,,14520.3,,10438.0,68600.0,,,,,,
1964-01-01,33636.8,,,18556.0,,14758.5,,9830.0,91400.0,,,,,,
1964-04-01,33499.5,,,18771.0,,15715.8,,10030.0,105300.0,,,,,,
1964-07-01,34548.3,,,18345.0,,15476.5,,9070.0,103000.0,,,,,,
1964-10-01,35243.8,,,18939.0,,15151.8,,10103.0,106300.0,,,,,,
1965-01-01,31141.8,,,18917.0,,15277.8,,9850.0,111600.0,,,,,,
1965-04-01,36354.8,,,19248.0,,15494.8,,10511.0,128900.0,,,,,,
1965-07-01,35547.0,,,19378.0,,16111.5,,10113.0,150600.0,,,,,,
1965-10-01,37719.5,,,19944.0,,16990.0,,10237.0,163300.0,,,,,,
1966-01-01,36790.0,,,19921.0,,17259.8,,9546.0,185100.0,,,,,,
1966-04-01,37895.8,,,19610.0,,17568.8,,10212.0,187600.0,,,,,,
1966-07-01,37442.8,,,20402.0,,18636.8,,10584.0,206200.0,,,,,,
1966-10-01,38373.8,,,21239.0,,18795.8,,10554.0,213400.0,,,,,,
1967-01-01,38845.0,,,21144.0,,19123.5,,11178.0,227400.0,,,,,,
1967-04-01,38328.5,,,20410.0,,20341.3,,12190.0,240700.0,,,,,,
1967-07-01,38021.0,,,20559.0,,20248.0,,11485.0,258200.0,,,,,,
1967-10-01,38738.0,,,19182.0,,20305.8,,12190.0,303500.0,,,,,,
1968-01-01,39826.3,,,22274.0,,21367.0,,11096.0,315300.0,,,,,,
1968-04-01,40492.5,,,21923.0,,22129.8,,11872.0,343400.0,,,,,,
1968-07-01,43371.8,,,23313.0,,22704.5,,11878.0,346900.0,,,,,,
1968-10-01,42407.8,,,23568.0,,23650.3,,13551.0,415400.0,,,,,,
1969-01-01,37478.3,,,23512.0,,23919.8,,11739.0,424100.0,,,,,,
1969-04-01,45691.5,,,24759.0,,23671.3,,12517.0,462800.0,,,,,,
1969-07-01,44927.0,,,25608.0,,23985.8,,14094.0,524100.0,,,,,,
1969-10-01,46102.3,,,25737.0,,25452.3,,14711.0,528900.0,,,,,,
1970-01-01,46710.5,,,25935.0,,26393.8,,14502.0,615900.0,,,,,,
1970-04-01,48520.5,,,25565.0,,26383.0,,14537.0,609600.0,,,,,,
1970-07-01,48714.8,,,25341.0,,26636.8,,15367.0,636700.0,,,,,,
1970-10-01,48815.8,,,27774.0,,26515.8,,16148.0,673300.0,,,,,,
1971-01-01,49261.5,,,26488.0,,27010.3,,15339.0,715500.0,,,,,,
1971-04-01,48897.0,,,28331.0,,27413.8,,16585.0,772600.0,,,,,,
1971-07-01,51341.3,,,28537.0,,28774.8,,16596.0,800400.0,,,,,,
1971-10-01,46601.8,,,28422.0,,27887.3,,17320.0,860100.0,,,,,,
1972-01-01,51899.0,,,27952.0,,28230.5,,17270.0,946100.0,,,,,,
1972-04-01,50384.5,,,28113.0,,30508.3,,17003.0,1054700.0,,,,,,
1972-07-01,53422.3,,,25942.0,,29612.8,,16603.0,1213000.0,,,,,,
1972-10-01,55681.3,,,30962.0,,32316.3,,18465.0,1286100.0,,,,,,
1973-01-01,59754.5,,,30686.0,,33632.8,,17900.0,1517500.0,,,,,,
1973-04-01,62633.3,,,31399.0,,33907.5,,16595.0,1660800.0,,,,,,
1973-07-01,62844.3,,,32184.0,,32200.3,,16582.0,1715400.0,,,,,,
1973-10-01,65935.8,,,32433.0,,33088.0,,17374.0,1895300.0,,,,,,
1974-01-01,66790.8,,,33233.0,,32008.3,,15544.0,1854800.0,,,,,,
1974-04-01,70047.8,,,34288.0,,31662.5,,15858.0,1911300.0,,,,,,
1974-07-01,66273.8,,,34536.0,,32183.3,,17291.0,1757500.0,,,,,,
1974-10-01,68005.0,,,33838.0,,30981.0,,18071.0,1557200.0,,,,,,
1975-01-01,68479.3,,,33589.0,,28891.3,,17829.0,1725300.0,,,,,,
1975-04-01,66483.0,,,32264.0,,29238.8,,18560.0,1972800.0,,,,,,
1975-07-01,65361.5,,,32206.0,,29142.5,,18155.0,2372600.0,,,,,,
1975-10-01,69057.0,,,33821.0,,29051.8,,18524.0,2521500.0,,,,,,
1976-01-01,68580.3,,,34455.0,,29963.3,,18528.0,2702600.0,,,,,,
1976-04-01,69271.8,,,35754.0,,31674.0,,19347.0,2968100.0,,,,,,
1976-07-01,71284.3,,,36029.0,,32410.8,,20830.0,3112600.0,,,,,,
1976-10-01,72007.5,,,37296.0,,31382.3,,20406.0,3170600.0,,,,,,
1977-01-01,70848.8,,,37327.0,,32684.0,,19293.0,3374200.0,,,,,,
1977-04-01,72758.0,,,38143.0,,33329.8,,19352.0,3617600.0,,,,,,
1977-07-01,73322.5,,,39518.0,,33533.5,,19896.0,3621000.0,,,,,,
1977-10-01,70971.8,,,38015.0,,33992.5,,21060.0,3958100.0,,,,,,
1978-01-01,72647.5,,,38326.0,,35409.0,,20280.0,4071300.0,,,,,121807.0,
1978-04-01,80221.0,,,38992.0,,36529.5,,20444.0,4136500.0,,,,,146230.0,
1978-07-01,81101.3,,,39138.0,,37110.8,,20418.0,4293000.0,,,,,129185.0,
1978-10-01,84320.3,,,39072.0,,37848.5,,21595.0,4531900.0,,,,,132809.0,
1979-01-01,84386.3,,,36084.0,,38725.5,,22802.0,4221200.0,,,,,131538.99999999997,
1979-04-01,84606.3,,,42558.0,,37171.3,,22661.0,4301900.0,,,,,132422.0,
1979-07-01,87651.0,,,41059.0,,38470.5,,22528.0,4515900.0,,,,,137700.0,
1979-10-01,93166.0,,,41365.0,,38136.5,,24864.0,4502500.0,,,,,139699.0,
1980-01-01,95766.0,,,41929.0,37027.449450374,39237.0,,23559.0,4479400.0,,,,26012.388698,149663.0,
1980-04-01,97571.5,,,40209.0,36641.164685177,37599.8,,22707.0,4628100.0,,,,26387.972965,142926.0,
1980-07-01,97363.8,,,39182.0,35931.928451704,37818.3,,22234.0,4718600.0,,,,26827.023599,132229.00000000003,
1980-10-01,96774.0,,,38915.0,36416.065577948,39500.3,,22544.0,5209100.0,,,,27322.073969,141040.0,
1981-01-01,98594.0,,,38608.0,36894.014412584,38791.5,,21598.0,5516400.0,,,,28517.375318,140720.0,
1981-04-01,99127.0,,,39083.0,38296.726074341,39859.3,,22735.0,5511300.0,,,,29598.719368,146976.0,
1981-07-01,97015.3,,,40887.0,39186.292992943,38926.5,,21895.0,5356900.0,,,,32279.808369,145478.0,
1981-10-01,97460.5,,,40688.0,38641.433255299,39204.0,,21158.0,5289500.0,,,,32210.541769000003,142882.0,
1982-01-01,93230.8,,,39770.0,37979.382745335,38376.3,,23698.0,5493200.0,,,,30844.7328,143141.0,
1982-04-01,93787.0,,,40610.0,37345.179547605,39099.3,,24464.0,5676500.0,,,,30069.779325,143607.0,
1982-07-01,89628.0,,,39781.0,37223.154172467,40282.5,,23677.0,5486000.0,,,,29292.932052,147770.0,
1982-10-01,85520.8,,,40486.0,38358.222222192,36909.8,,23655.0,5462300.0,,,,30001.984447,144105.0,
1983-01-01,86900.3,,,40357.0,38099.474279346,37928.5,,21877.0,5914200.0,,,,28910.610192,150046.0,
1983-04-01,87160.3,,,40310.0,39151.290468537,40515.5,,22481.0,6060000.0,,,,28856.244795,155514.0,
1983-07-01,88470.5,,,41098.0,40192.567223584,41076.5,,22639.0,6731900.0,,,,29079.273983,156969.0,
1983-10-01,90250.8,,,41726.0,40904.89760286,44057.0,,24776.0,7052400.0,,,,30084.085387,157125.0,
1984-01-01,92134.5,,,42687.0,41332.663260241,46222.0,,24956.0,6990100.0,,,,31550.095991,165711.0,
1984-04-01,94424.5,,,42588.0,42217.105499855,47720.3,,26316.0,7009000.0,,,,33966.444325,163377.0,
1984-07-01,96510.5,,,43887.0,42995.863321858,50433.3,,27806.0,7313800.0,,,,34935.584125,167785.0,
1984-10-01,98474.3,,,44853.0,42824.234921802,49713.0,,27349.0,7696400.0,,,,34875.003855,170195.0,
1985-01-01,98735.3,,,45257.0,42899.65472577,50091.5,,28618.0,7085500.0,,,,35993.001487,172797.0,
1985-04-01,98523.5,,,46990.0,43821.130022974,50532.0,,30150.0,7323600.0,,,,35880.183126,174946.0,
1985-07-01,97086.5,,,45662.0,43033.766607955,50782.3,,29241.0,7548800.0,,,,35884.332136,182083.0,
1985-10-01,99983.0,,,45944.0,43726.275115676,51494.8,,29954.0,7426900.0,,,,38399.769662,186038.0,
1986-01-01,103114.8,,,46937.0,43140.514638187,51814.8,,29252.0,8794100.0,,,,38272.856631,186250.0,
1986-04-01,104224.8,,,47610.0,42518.688023673,52292.8,,29787.0,9698400.0,,,,39719.189081,167024.0,
1986-07-01,106610.3,,,47659.0,43223.089654327,54057.8,,30987.0,10407100.0,,,,35735.22055,185170.0,
1986-10-01,110593.3,,,48954.0,42539.476815792,53917.8,,32746.0,10777400.0,,,,34531.217665,193329.0,
1987-01-01,110691.8,,,50280.0,42352.861146999,54431.0,,32131.0,11286600.0,,,,35364.931749,184219.0,
1987-04-01,115252.0,,,49855.0,43455.247281671,53676.5,,34222.0,12798700.0,,,,35226.989938,187519.0,
1987-07-01,120254.8,,,51694.0,44667.088824154,54520.5,,34508.0,12382800.0,,,,35905.320792,182580.0,
1987-10-01,124741.0,,,51486.0,45801.86679771,56245.8,,36320.0,12904200.0,,,,38116.368793,184404.0,
1988-01-01,131668.3,,,50622.0,46267.535741187,59271.8,,36495.0,13602600.0,,,,38665.774732,194735.0,
1988-04-01,135358.0,,,51653.0,47046.680331415,60254.8,,33756.0,13375600.0,,,,37329.510127,191680.0,
1988-07-01,138025.3,,,51954.0,48364.979827962,58860.3,,34673.0,13693700.0,,,,39091.664392,195993.0,
1988-10-01,142238.3,,,50899.0,49080.597737155,60369.8,,35656.0,13971100.0,,,,40624.914957,202144.0,
1989-01-01,146486.5,,,53240.0,51292.718602784,61434.5,,35245.0,13274400.0,,,,40954.169824,215057.0,
1989-04-01,152900.0,,,52396.0,52590.132615154,59068.0,,36968.0,12894900.0,,,,41564.218005,213744.0,
1989-07-01,154462.0,,,53714.0,52426.43296372,59401.3,,36689.0,13080500.0,,,,41133.87658,224356.0,
1989-10-01,156800.0,,,55182.0,54032.488020023,60984.0,,36304.0,13389900.0,,,,41300.084935,219045.0,
1990-01-01,163609.8,,,56416.0,54994.38059679,61913.3,,38072.0,13410200.0,,,,42110.516736,228932.0,
1990-04-01,165644.3,,,56289.0,53744.248999984,64166.8,,38134.0,13603400.0,,,,43587.874966,233885.0,
1990-07-01,166898.0,,,56222.0,54566.905015579,63794.8,,39641.0,14198800.0,,,,41154.661934,235957.0,
1990-10-01,168367.5,,,56686.0,55286.100530857,62101.5,,40268.0,14105500.0,,,,41345.702701,244098.0,
1991-01-01,169396.0,,103862.8362413,54536.0,55834.924642813,60834.5,,41995.0,14846900.0,,,,42734.402961,247899.0,
1991-04-01,175572.3,,97851.165728901,56343.0,57463.799024419,63524.8,,44090.0,15707800.0,,,,40733.861654,251129.0,
1991-07-01,179728.5,,102606.15897619,57213.0,59005.747247348,65961.8,,45078.0,14950400.0,,,,40965.255095,249955.0,
1991-10-01,183775.5,,102945.80613422,57043.0,60388.153577268,65853.0,,45239.0,16573400.0,,,,41156.293038,252288.0,
1992-01-01,187098.0,,103904.67031695,57660.0,61574.371724813,66432.3,,44914.0,16738200.0,,,,43221.977869,263072.99999999994,
1992-04-01,187187.0,,99116.902419949,59079.0,62032.111919668,68311.5,,46457.0,17207200.0,,,,43476.986991,260082.0,
1992-07-01,191153.8,,101833.35263417,57901.0,61246.102193437,69355.0,,47358.0,17581800.0,,,,42614.495865,264221.0,
1992-10-01,192112.0,,97283.291828838,60214.0,60756.550312037,71252.5,,48786.0,18077900.0,,,,42486.928557,261022.0,
1993-01-01,192540.8,,95279.388902775,60915.0,61636.254640889,73833.3,,49013.0,18356700.0,445339.9,,,44233.469414,259423.99999999997,178566.0
1993-04-01,194842.0,,93377.866099663,60080.0,60010.957865369,75948.3,,49995.0,18795400.0,444944.0,,,42736.029807,272950.0,180902.0
1993-07-01,194318.3,,93717.427159664,61130.0,61108.509397223,76531.5,,51620.0,19580200.0,456623.7,,,41190.558139,269783.00000000006,192299.0
1993-10-01,200581.3,,95584.989073552,62819.0,63291.139185659,78760.8,,52656.0,19876300.0,484335.2,,,42469.264253,278859.0,192426.0
1994-01-01,202550.3,37755.9,98505.826442214,65157.0,63291.816030054,79275.8,,54221.0,20839800.0,481254.4,,,43194.417107,288124.0,201300.0
1994-04-01,209388.8,37963.7,103327.545662,65365.0,65487.595938156,84909.3,,55173.0,21911500.0,492906.1,,,42449.297341,290703.0,206911.0
1994-07-01,217225.8,38658.2,102852.16017799,67296.0,67240.139459859,88256.5,,54728.0,23014200.0,511311.8,,,42648.139326,287532.0,209539.0
1994-10-01,222240.5,38820.4,103531.27273155,69024.0,70637.511552469,91753.5,,55300.0,24707700.0,524277.1,,,44829.186432,304430.0,225025.0
1995-01-01,226521.5,39311.6,107453.49714283,71986.0,71789.790788229,94289.3,,56738.0,26015700.0,631210.3,35032.0,,44576.208453,304490.0,234497.0
1995-04-01,229697.8,39897.5,108506.31340812,71050.0,73679.153569695,92252.0,,56333.0,27682000.0,607286.5,34988.0,,44480.723905,303097.0,235661.0
1995-07-01,239637.8,40273.5,109321.37474949,73412.0,72840.833440969,92347.5,,59256.0,28496900.0,630389.7,35984.0,,44314.43776,311118.0,234346.0
1995-10-01,243058.3,40157.8,111087.36012203,74435.0,73193.469370549,95833.0,,59338.0,29048000.0,651284.6,36527.0,,44893.217426,315151.0,236858.0
1996-01-01,245983.5,40800.5,112530.6883476,76029.0,74622.868039864,96102.0,76440.162450364,62634.0,30303800.0,701123.0,37843.0,57252.54,46090.733771,333724.0,238943.0
1996-04-01,249982.0,40751.5,113073.97647716,77203.0,74514.57293673,99831.5,76122.391599544,64091.0,29355500.0,723091.8,38335.0,56935.97,44668.405615,337893.0,245697.0
1996-07-01,252003.8,41971.4,115994.20159317,78137.0,75610.770779795,101912.8,76031.017061072,63319.0,30352800.0,748401.3,39973.0,58409.09,45635.974893,344310.0,244486.0
1996-10-01,267716.0,43759.0,121155.54883808,80171.0,78632.881001634,99190.3,77103.41065796,65450.0,32565900.0,774232.3,40593.0,59371.7,47107.701264,342235.0,254035.0
1997-01-01,272805.8,45099.1,123287.72826094,86171.0,81172.207786018,104807.0,77692.079024186,67670.0,32774700.0,778403.6,42076.0,61932.76,50517.810704,363416.0,265240.0
1997-04-01,283710.5,47011.2,127124.55299388,87379.0,84534.480662166,106139.0,80165.928418811,75582.0,36522700.0,787253.7,43592.0,63155.78,51701.069494,365492.0,279881.0
1997-07-01,290275.0,46382.7,133915.40110245,86676.0,87376.93704327,109193.8,81339.94416596,72103.0,37821400.0,812027.2,46918.0,64893.15999999999,52832.60621,368605.0,284307.0
1997-10-01,289857.8,47395.6,135714.95513986,89670.0,89682.655819465,111164.3,82415.089436384,70697.0,38398100.0,831097.0,46715.0,65923.61,55675.090319,365427.0,293834.0
1998-01-01,291196.8,46178.2,138763.46631911,90218.0,91657.204302593,114783.5,84263.644741159,69677.0,41516200.0,846837.4,47285.0,66139.96,53801.857097,381480.0,296784.0
1998-04-01,287987.5,45261.6,141140.72856479,90333.0,93021.915986197,116075.0,83792.15971347,71999.0,41451000.0,868547.0,49094.0,67719.83,55194.978312,374064.0,299316.0
1998-07-01,286676.8,45432.2,139680.40076171,90072.0,94034.281816389,118430.0,81502.767331087,71767.0,41033500.0,859682.4,48765.0,68529.38,53408.186503,362334.0,308460.0
1998-10-01,297337.3,44607.6,137337.11853815,89829.0,94327.25874719,123074.5,79899.585397534,73238.0,42710300.0,898075.8,48763.0,69877.75,53580.477592,364243.0,316998.0
1999-01-01,296342.5,44707.6,138169.68647876,89971.0,94013.009563988,127570.0,79323.726546047,72055.0,43309200.0,901421.3,51141.0,71497.73,53279.480815,371894.0,315260.0
1999-04-01,300023.5,45110.4,145436.41752661,90148.0,95160.454196928,127750.0,79453.244972852,72866.0,46063100.0,903340.3,51526.0,73476.1,55016.879289,379230.0,321898.0
1999-07-01,309074.5,47048.6,148798.11506963,95644.0,99160.604568948,132193.8,81464.33878687,75796.0,47329300.0,938224.8,52902.0,74151.15,56862.98454,384252.0,333102.0
1999-10-01,315681.3,48122.8,151922.13422033,97292.0,102211.81909975,135828.0,84968.168051802,79506.0,50464900.0,969145.9,53988.0,76853.19,57656.264356,390403.0,335257.0
2000-01-01,320224.3,50707.9,159164.1455674,98919.0,105545.2777431,140350.3,89043.586329974,80774.0,51663600.0,1007692.7,55670.0,79370.19,59814.585332,394651.0,346508.0
2000-04-01,329984.3,52332.0,165039.00631169,102268.0,109392.17120578,142432.5,89587.943263733,82528.0,54194100.0,1066005.1,58036.0,81699.71,63369.514771,392129.0,362120.0
2000-07-01,337905.8,53198.8,167959.451456,102853.0,112330.44941474,143610.8,93550.542926909,87110.0,57461700.0,1084852.4,58110.0,83999.87,62815.566165,398075.0,376862.0
2000-10-01,334526.0,52968.6,176856.59218003,105418.0,116167.09351944,143867.8,95365.129296301,84607.0,55638300.0,1108694.2,59616.0,88461.49644,64641.57746700001,400486.0,381005.0
2001-01-01,330314.0,51053.7,176449.09977513,109673.0,116510.93047189,141456.3,94811.094062517,86630.0,55607100.0,1137261.9,60743.0,85247.05,64839.380081,412628.0,371921.0
2001-04-01,320636.0,49153.2,177196.20107227,105073.0,113942.88614677,139625.8,95991.656894978,87792.0,53524300.0,1095649.6,60409.0,84504.76,62382.020872,403917.0,364912.0
2001-07-01,304217.3,48073.0,176924.52352492,102715.0,114566.35652624,136664.3,92962.91829892,86647.0,53453100.0,1077473.9,60234.0,84708.36,61056.789434,419662.0,368333.0
2001-10-01,293642.0,47152.1,179097.87693854,103824.0,111233.38134317,137152.5,92027.633952387,84182.0,52433900.0,1045157.1,59168.0,83854.52,62697.726771,421758.0,372608.0
2002-01-01,300056.5,49302.1,178358.96452061,105311.0,114069.74612472,139478.8,91579.680477701,86418.0,56278500.0,1063318.7,60183.0,84187.94327,60549.801618,409846.0,376371.0
2002-04-01,308987.5,52915.8,183962.41557809,108384.0,117043.8970866,139256.3,91131.821888309,87192.0,59419200.0,1124522.3,60176.0,84797.61327,61998.836471,412004.0,379722.0
2002-07-01,309968.0,53285.4,187018.81907666,107584.0,117323.1437454,142410.0,91029.725311575,86826.0,63022100.0,1144004.7,61072.0,85546.85327,62584.2758,412745.0,369587.0
2002-10-01,305399.3,55127.3,190380.87057825,103885.0,117606.93493085,140415.3,92671.999986404,87624.0,63848200.0,1140602.8,62546.0,85904.53327,61318.884252,413717.0,377396.0
2003-01-01,304460.5,55863.8,184675.40292284,108814.0,114715.16560099,138166.0,91087.605341136,87800.0,64002400.0,1107127.5,62378.0,86930.66327,59585.803381,407636.0,384775.0
2003-04-01,304996.5,55994.2,184166.01828382,106872.0,113731.13054332,135398.5,88063.136583324,83926.0,64975200.0,1057772.5,63051.0,86092.58327,60454.474809,416372.0,387245.0
2003-07-01,313329.0,57995.1,189837.37198685,106922.0,115341.82681833,137055.3,90093.871653275,84954.0,69583300.0,1110351.8,63216.0,86395.20327,61102.989804,405098.0,395996.0
2003-10-01,327416.5,60961.2,194354.07458916,109813.0,117812.88901091,141440.3,91407.938094904,87588.0,76946900.0,1122680.6,64037.00000000001,88046.27327,62501.094258,413720.0,402753.0
2004-01-01,334821.5,63963.3,202639.49838346,110683.0,118387.81997809,141301.5,92829.604460341,87990.0,81696700.0,1122538.5,65232.0,89132.00327,65328.255864,419645.0,418576.0
2004-04-01,341839.5,66065.6,211537.01219895,112338.0,120401.23866788,147949.0,95334.101805044,90244.0,83708800.0,1158314.7,66116.0,93100.34327,67383.649483,418811.0,437814.0
2004-07-01,342982.5,66637.8,208005.17538413,113785.0,120892.72439041,147462.3,96687.166102657,89078.0,83343700.0,1176863.3,65947.99999999999,94777.93327,66539.320836,415358.0,436809.0
2004-10-01,351127.5,67516.3,209023.98292796,117399.0,123431.47102245,146034.8,95497.019855465,89771.0,84628300.0,1183614.0,66263.00000000001,96900.11327,67202.917168,408025.0,440831.0
2005-01-01,357706.8,66834.2,214211.11174934,115115.0,122751.14571383,147483.5,96186.171748422,92031.0,85489100.0,1207562.4,66169.0,96874.40327,70514.870057,413271.0,442216.0
2005-04-01,365703.3,69714.8,217912.59994711,121928.0,123681.51668022,146946.3,98331.338483374,92033.0,88475500.0,1215808.9,67220.0,97786.51327,71423.165397,416439.0,457067.0
2005-07-01,365636.5,71900.2,226843.71112681,123317.0,126953.18909955,149062.0,99627.471604368,91298.0,91719000.0,1223930.2,67266.99999999999,99970.61327,70549.07117,421608.0,471893.0
2005-10-01,376958.3,74399.3,230477.30624548,128163.0,129934.88204183,152545.5,101804.80445411,93823.0,94028000.0,1301939.6,67885.99999999999,101063.0533,71922.822393,419793.0,474121.0
2006-01-01,392246.3,76111.5,238117.9897327,143233.0,132423.73557279,150509.8,104752.32123819,93578.0,96788900.0,1343761.7,68666.0,104035.1433,73293.373524,419590.0,493623.0
2006-04-01,399523.0,77394.1,245419.10259347,147708.0,134622.6096267,149942.0,106506.46567508,95058.0,100535200.0,1370237.8,70180.0,106146.2733,73479.380672,417678.0,492228.0
2006-07-01,399009.3,78815.7,252652.29367579,130234.0,132613.15531122,149866.3,106618.9047489,96060.0,104461500.0,1340376.2,69852.0,106996.5733,76213.524605,412409.0,505252.0
2006-10-01,414143.3,79743.4,267390.34382133,129493.0,136184.95987352,151004.3,112420.6660727,97125.0,101253600.0,1327473.6,72543.0,108462.7733,80537.869508,411891.0,521671.00000000006
2007-01-01,422348.0,81662.4,265616.25566761,130611.0,135507.7287107,152524.3,112400.36061971,97771.0,107919900.0,1335085.5,74583.0,109966.1333,80909.337438,416563.0,514325.00000000006
2007-04-01,428745.3,83650.5,272339.86121552,135331.0,137515.82933739,154854.5,113195.21473059,98337.0,112237600.0,1363769.8,75240.0,110944.8833,84837.584121,415187.0,523970.0
2007-07-01,442146.8,85704.3,277874.9600044,135736.0,138520.26641896,151998.5,114796.02453178,99375.0,114789700.0,1426614.9,76537.0,112805.2433,89396.932488,420301.0,530169.0
2007-10-01,452295.3,88169.3,280557.60239256,140367.0,138654.66837732,148461.0,113730.08313491,99397.0,118890800.0,1390098.4,76247.0,114653.1133,82238.340849,422470.0,540386.9999999999
2008-01-01,459506.0,90381.5,283350.90944735,140286.0,142326.74260207,146303.3,115604.54212504,102264.0,121828900.0,1378487.8,76914.0,114646.0533,86846.786458,430665.0,550835.0
2008-04-01,473000.3,88622.4,282434.01327054,140305.0,139310.72397979,147642.3,112659.20770273,103904.0,122139300.0,1343200.2,75556.0,115501.3233,89324.344124,428386.0,545648.0
2008-07-01,470890.8,88674.2,280124.82586648,140846.0,138482.74990109,146456.3,108732.28491024,103676.0,124879300.0,1322075.9,76430.0,114881.0933,93034.641646,416523.0,540626.9999999999
2008-10-01,443200.0,77461.9,264401.99603147,135424.0,131390.00079814,139756.0,101673.57809201,102444.0,119492000.0,1342135.0,70963.0,110577.1833,81671.564064,417503.0,503870.0
2009-01-01,407814.3,57721.8,233745.65439216,126723.0,122465.71076343,127723.3,90158.962965208,105521.0,117757100.0,1228292.9,64068.0,101612.9781,76364.675418,410778.0,464244.0
2009-04-01,410497.8,62988.5,231911.8333392,125420.0,122710.34166605,122569.0,88099.477651065,103103.0,117966800.0,1118604.3,65584.0,102510.6581,78875.151462,398970.0,449142.0
2009-07-01,425670.0,69070.3,239620.72559829,124828.0,123048.28040306,125861.5,90442.764880647,104891.0,123610900.0,1201964.5,68644.99999999999,104857.0381,81413.883334,405471.0,460643.0
2009-10-01,449116.0,73994.3,246582.48786091,130663.0,124111.02279462,128872.0,92397.971256285,107050.0,126774000.0,1303268.8,69068.0,107335.8681,83776.12349,404489.0,460802.0
2010-01-01,459228.5,78408.5,254120.45639951,130582.0,128758.23640787,130666.8,95541.236402638,110433.0,125983700.0,1388307.5,69766.0,109745.358054,89491.667715,416796.0,477844.0
2010-04-01,469332.8,82196.6,272254.94942601,134894.0,133100.77335149,134950.8,99528.601127642,111905.0,139402800.0,1470294.9,71495.0,112725.868054,87884.501052,407146.0,500845.0
2010-07-01,482740.8,84451.3,276567.82929429,136309.0,134574.0702144,134926.0,102466.06007052,109962.0,139157700.0,1559084.1,73792.0,115381.528054,88663.116743,397818.0,514044.99999999994
2010-10-01,495956.0,84759.6,282510.76488019,139076.0,136007.82002625,138197.0,104457.7023992,112264.0,144894200.0,1551431.3,76544.0,118245.608054,94046.3046,403466.0,529087.9999999999
2011-01-01,500209.8,84037.2,290015.15518747,144795.0,138724.09327379,138441.3,105921.02340886,106524.0,154933900.0,1589004.7,78681.0,119487.888054,98714.071143,403398.0,533030.9999999999
2011-04-01,508680.5,77702.1,294260.10371086,142702.0,141078.83492256,136407.3,107095.98800895,109223.0,157489400.0,1574656.4,78709.0,119435.298054,94344.147106,400606.0,535708.0
2011-07-01,515682.5,84973.1,297486.26382331,144333.0,142430.3964865,143946.5,107351.22945079,112750.0,160941600.0,1635206.7,78814.0,120747.998054,90227.208477,410760.0,554383.0
2011-10-01,519591.0,82694.9,296263.71964349,146503.0,145416.73064748,145790.3,107097.79082954,115462.0,160781400.0,1723172.1,79227.0,120034.058054,91831.498974,402109.0,536333.9999999999
2012-01-01,525936.8,85283.0,302359.31660129,150065.0,145249.1633138,145533.5,107650.40278391,112592.0,162577700.0,1736822.2,77760.0,121568.568054,92176.63455,417040.0,549164.0
2012-04-01,531115.0,84525.1,305211.78256846,143027.0,146692.38894717,145656.8,108573.63669806,117330.0,166715100.0,1809878.2,78435.0,123882.498054,92969.818633,419104.0,557356.0
2012-07-01,534368.3,81488.4,308845.24375686,146623.0,146440.89290855,144682.0,110208.13077875,118481.0,170479600.0,1743694.8,81434.0,123988.478054,96630.674578,407552.0,548727.9999999999
2012-10-01,534881.5,78687.5,303615.76427165,143014.0,146961.67632416,144319.3,108462.62090366,119587.0,171112600.0,1736228.1,80753.0,125849.088054,96265.915378,406422.0,538758.0000000001
2013-01-01,537657.8,81213.1,303420.45567604,146117.0,146788.69423532,146600.0,109194.75583496,119449.0,171651700.0,1752177.2,81490.0,125978.078054,98420.991884,401054.0,536048.0
2013-04-01,542532.8,83950.7,305016.51223865,147523.0,150399.27231222,149288.5,108519.45719498,124923.0,175451800.0,1771496.5,83103.0,125967.578054,122204.087514,407399.0,543374.0
2013-07-01,547178.0,83859.5,310381.97877747,147032.0,149326.08717857,148238.5,110080.03563136,124687.0,174156900.0,1856799.1,83864.0,127310.248054,107587.388092,410436.0,547054.0
2013-10-01,562942.3,83528.2,315679.54267074,143715.0,151922.07550799,150299.0,109656.75233321,126477.0,175254000.0,1852217.1,83864.0,129045.41805400001,103733.094139,403982.0,542736.9999999999
2014-01-01,557552.3,88643.9,316400.97718878,144647.0,153350.31387263,149803.3,110501.23145304,129996.0,177916600.0,1880585.0,84669.0,130191.708054,106320.66035,416856.0,558470.0
2014-04-01,569596.8,89834.8,319117.74309577,146835.0,152997.00109865,158857.8,111136.01407233,130580.0,179520900.0,1935890.7,85824.0,131414.79805399998,97845.150321,416114.0,565095.0
2014-07-01,571947.5,91207.0,325400.23974167,147275.0,154671.90089909,161230.3,111917.20470082,133525.0,176387300.0,1953750.7,88256.0,133926.008054,98485.152434,420148.0,569482.0
2014-10-01,576687.3,93893.9,331377.13621679,151503.0,157385.75684522,162097.0,114117.3100212,136245.0,177285500.0,2013848.7,88613.0,135787.498054,107646.291068,431973.0,573700.0
2015-01-01,572122.8,95300.7,334467.03184866,150951.0,158838.94176041,160442.5,116066.34885271,140967.0,178215000.0,2047619.7,89090.0,144930.308054,104876.400148,433031.0,583403.0
2015-04-01,573657.0,92088.1,340749.53806101,155701.0,162166.3088042,162607.3,117312.57230887,136256.0,177566500.0,2093373.2,89534.0,140310.358054,101129.185239,432475.0,589344.0
2015-07-01,569025.3,94460.3,340987.27385202,150776.0,161561.11322339,165875.8,115229.17590055,142766.0,176592200.0,2128719.7,91521.0,141979.118054,108055.687776,445152.0,605327.0
2015-10-01,568253.0,93431.9,339153.45279906,155105.0,163579.17313188,164543.0,117499.97076523,143988.0,180402000.0,2065814.5,92211.0,143289.458054,112006.162623,440593.0,610858.0
2016-01-01,566628.0,94160.7,343245.5294887,154525.0,163286.77635342,168280.0,116996.88893452,146911.0,181318500.0,2059008.0,93272.0,143630.248054,105660.355642,437533.0,605714.0
2016-04-01,571013.3,93555.5,347320.47267056,159183.0,162663.49935806,161386.0,118293.59136728,148301.0,182897700.0,2092406.5,94947.0,143627.278054,112531.961445,431658.0,601908.0
2016-07-01,580284.0,95608.8,346879.00981,154845.0,163620.36394789,166048.3,119220.8104638,150599.0,182538800.0,2180819.2,95839.0,145014.498054,111599.344643,432714.0,611070.0
2016-10-01,575955.8,97788.7,348916.47183448,160974.0,166934.77425614,167721.3,121030.74745377,155662.0,182929900.0,2228728.9,97761.0,146881.448054,121970.327694,448833.0,619960.0
2017-01-01,589976.0,100052.4,358034.26267399,163631.0,165542.79541264,168893.5,124005.02189086,152034.0,188772200.0,2254202.6,99148.0,151057.758054,106135.974627,444554.0,613863.0
2017-04-01,591965.5,100032.1,364282.77929777,168016.0,169810.58939669,171195.3,124188.15050898,155593.0,184348300.0,2179312.0,100169.0,153535.638054,113585.948607,452250.0,639608.0
2017-07-01,595447.0,102479.8,368561.69827682,172089.0,173898.34277178,165130.8,126893.23536596,158863.0,191837500.0,2146925.7,101103.0,155801.818054,113975.550942,447115.0,641975.0
2017-10-01,610871.8,103809.2,372602.86233197,168382.0,177618.18287238,168106.8,129008.70300378,155567.0,182825400.0,2282129.2,102443.0,157747.968054,117414.919026,443872.0,653225.0
2018-01-01,614827.0,105379.6,375608.01837039,171698.0,176702.21902239,170925.3,126139.56147284,161571.0,189335500.0,2326463.3,102586.0,159188.078054,118751.55862,437761.0,652442.0
2018-04-01,618164.0,106291.5,376660.71027185,172688.0,178319.10358901,176197.3,126670.25492421,163106.0,192760000.0,2359035.7,102051.0,160830.868054,116637.705163,441386.0,656658.0
2018-07-01,610447.8,104745.1,373230.95702011,174981.0,179717.36741617,175389.5,128796.15994441,164889.0,199361800.0,2372502.1,102013.0,162853.588054,116292.560291,443825.0,668558.0
2018-10-01,612984.0,105261.3,373027.22038411,173493.0,183138.33237054,174879.8,130259.38606878,164206.0,196057700.0,2381214.8,103173.0,161084.228054,114482.313946,439370.0,683652.0
2019-01-01,619559.0,103684.3,386958.69462735,171534.0,183822.52536141,174787.5,129762.66155279,165596.0,187248300.0,2384641.5,104831.0,162055.398054,111846.481366,450214.0,692859.0
2019-04-01,615200.0,104182.5,381083.87214886,169396.0,183772.05210799,181808.8,131674.5053489,169373.0,193064100.0,2442242.6,107143.0,164387.718054,115876.21313,449062.0,715829.0
2019-07-01,616055.3,104670.6,384547.66282141,179408.0,182383.55417851,180244.8,130017.33368286,170669.0,199035300.0,2437145.3,103547.0,164387.458054,120173.135215,441863.0,723074.0
2019-10-01,618169.8,103022.0,380404.69263017,186358.0,179706.05444558,176497.0,129862.86042363,169242.0,200020300.0,2295953.9,103374.0,165110.968054,115265.65087,458922.0,691190.0
2020-01-01,592855.3,98501.9,372628.16558605,170317.0,166663.26296185,173417.3,121624.25497,162017.0,197942200.0,2416629.0,95771.0,163490.048054,109141.710924,469512.0,700336.0
2020-04-01,467041.5,81440.2,296424.97168539,148831.0,125426.61491359,145070.8,89504.064663517,150528.0,169776000.0,1703841.9,66173.0,146474.668054,106108.184888,417760.0,586753.0
2020-07-01,526895.0,89460.2,347295.03548621,148901.0,152591.57130629,164416.3,115907.32109936,144366.0,195703400.0,2365967.2,84400.0,156942.728054,110063.252762,426367.0,666374.0
2020-10-01,558028.0,97553.1,362848.09914089,157591.0,160342.69662107,166369.8,119608.89131774,151211.0,202644100.0,2382260.6,88529.0,160588.168054,111906.977537,439883.0,704018.0
2021-01-01,559243.5,100632.8,372432.79959176,154707.0,161242.6095897,170698.8,122197.74168913,153018.0,211522000.0,2314067.6,89181.0,165949.898054,117802.034146,447549.0,720598.0
2021-04-01,562023.0,103904.3,376168.33477679,166787.0,163807.26969286,164386.8,126505.15451202,147485.0,210110100.0,2350581.5,92345.0,168654.728054,121970.48807,469403.0,728340.0
2021-07-01,564107.8,103331.3,373893.05086326,159497.0,169330.80341298,163627.8,130110.13150074,147025.0,210832800.0,2376717.9,97055.0,172339.658054,125558.765275,464732.0,735137.0
2021-10-01,595498.0,103250.3,387578.69610076,175563.0,175226.40816602,168281.5,130945.02720584,147169.0,218593700.0,2483727.0,101490.0,170960.398054,131158.562478,481860.0,760412.0
2022-01-01,588527.5,104952.4,387026.64510515,162165.0,178146.41157633,167019.3,138349.87557791,145819.0,226929000.0,2551670.5,105253.0,174260.508054,133844.330542,467769.0,775172.0
2022-04-01,603522.8,107293.5,390422.49486635,171586.0,176180.9521465,172362.0,141746.86400139,153258.0,219684000.0,2601512.0,112525.0,178211.078054,119218.451793,478381.0,780188.0
2022-07-01,626549.3,109526.3,394429.62150069,190525.0,182073.17267757,174633.3,141635.37378051,153291.0,221023500.0,2672210.9,109596.0,178138.358054,138377.809111,507492.0,804462.0
2022-10-01,621013.0,111095.8,390286.64174301,191173.0,182545.41668088,174329.0,144233.61779604,157100.0,212601100.0,2535147.9,110290.0,178822.938054,136348.295675,492581.0,802146.0
2023-01-01,631350.5,107153.9,389666.80289921,179413.0,179328.3752734,179394.8,141885.39653116,157821.0,222224300.0,2522631.3,115043.0,178614.698054,138762.479042,491735.0,806901.0
2023-04-01,616167.0,111248.8,386033.30344502,178659.0,184211.42081213,181653.5,140643.63268383,164895.0,220230000.0,2444387.5,111600.0,176346.618054,133883.274911,493851.0,806881.0
2023-07-01,624319.8,112287.7,383350.61322462,177587.0,183006.83117387,179291.5,142315.6064558,163776.0,227733400.0,2358093.5,107041.0,172950.248054,136167.453067,489906.0,818409.0
2023-10-01,633897.8,115187.6,377238.19845182,,183048.60214223,,144038.15408966,,233577500.0,,,,,,
